代號,名稱,產業,相位,動能pp,品質,價量階,近3月均YoY,前3月均YoY,近3月營收(億),前3月營收(億),環比%,基期變化%,基期效應,近12月正成長,近12月標準差,今年累計YoY,最新月YoY,連續正成長月,收盤,4w%,13w%,26w%,量比,4週成交金額(億)
2849,安泰銀,金融保險業,4,3.44,2,3,20.8,17.4,17.19,16.51,4.1,1.1,,11,8.2,19.5,18.89,11,15.65,9.1,6.1,19.9,0.91,0.8
2836,高雄銀,金融保險業,3,10.75,2,2,14.5,3.7,15.64,12.35,26.7,14.1,,10,12.1,11.3,-1.54,0,12.15,1.2,-0.7,0.5,0.6,4.3
2801,彰銀,金融保險業,3,-6.44,3,4,12.6,19.0,142.09,130.03,9.3,15.7,★ 是,12,7.6,14.3,21.13,12,27.75,12.3,21.0,37.1,1.16,175.6
2884,玉山金,金融保險業,3,-11.14,3,3,16.4,27.6,279.64,277.47,0.8,10.1,★ 是,12,16.8,21.3,19.28,19,45.6,18.3,28.6,41.0,0.85,423.5
2845,遠東銀,金融保險業,3,-11.87,2,3,10.2,22.1,37.34,35.62,4.8,16.0,★ 是,11,9.3,14.0,5.06,10,13.3,0.1,2.7,7.7,0.69,40.4
2897,王道銀行,金融保險業,3,-22.73,2,4,13.1,35.8,34.74,30.61,13.5,36.2,★ 是,11,19.0,25.1,7.88,11,11.05,6.8,4.2,11.2,1.18,13.8
2890,永豐金,金融保險業,3,-23.01,3,3,50.6,73.6,296.88,278.52,6.6,22.6,★ 是,12,22.1,53.9,49.48,17,45.15,14.7,15.3,46.0,0.84,239.2
2892,第一金,金融保險業,3,-24.04,3,3,8.7,32.7,225.79,209.72,7.7,25.4,★ 是,12,11.6,18.0,13.89,17,39.5,18.4,20.2,37.9,0.7,260.2
2886,兆豐金,金融保險業,3,-28.36,2,3,7.1,35.4,245.36,235.81,4.1,31.5,★ 是,11,16.2,16.6,15.55,6,49.6,7.5,6.3,26.9,0.72,272.6
2812,台中銀,金融保險業,3,-28.86,3,2,6.6,35.5,57.42,61.12,-6.0,18.6,,12,17.5,16.7,1.76,14,19.0,0.8,1.1,-2.1,0.99,68.7
2880,華南金,金融保險業,3,-39.03,3,3,15.9,54.9,223.61,208.74,7.1,33.7,★ 是,12,20.7,27.7,11.94,15,45.75,16.3,21.6,37.3,0.64,153.8
6005,群益證,金融保險業,3,-112.95,2,2,57.2,170.2,87.22,103.41,-15.7,42.6,,12,78.5,99.7,45.34,13,32.0,2.9,-6.7,28.6,0.86,42.7
2885,元大金,金融保險業,3,-371.24,2,3,69.9,441.2,567.22,509.36,11.4,33.2,★ 是,12,247.3,116.3,57.94,13,69.2,9.5,7.9,56.3,0.78,296.8
2889,國票金,金融保險業,3,-1223.7,2,4,56.0,1279.7,41.29,38.71,6.7,123.5,★ 是,12,991.1,94.9,51.89,14,16.55,3.1,11.3,2.8,1.26,58.2
5876,上海商銀,金融保險業,2,9.12,2,3,7.4,-1.7,150.71,130.79,15.2,6.1,,8,9.3,2.0,7.06,2,48.95,13.7,17.7,24.7,0.57,81.9
2832,台產,金融保險業,2,-10.6,2,3,4.6,15.2,28.57,26.8,6.6,19.3,★ 是,9,9.5,6.5,11.73,1,57.5,-4.2,1.6,21.3,1.09,2.7
5880,合庫金,金融保險業,2,-24.19,3,3,11.9,36.1,198.07,177.44,11.6,19.9,★ 是,11,17.4,18.3,23.6,2,26.45,5.6,8.0,15.4,0.89,110.9
2850,新產,金融保險業,2,-28.97,3,2,-0.5,28.5,76.1,76.45,-0.5,11.1,,11,17.7,9.5,4.7,1,157.5,-3.7,10.9,35.2,0.62,6.3
2816,旺旺保,金融保險業,2,-31.15,2,3,0.1,31.3,39.93,42.86,-6.8,21.2,,9,24.0,16.3,19.6,1,40.15,2.6,19.7,28.1,0.94,4.4
2820,華票,金融保險業,2,-44.75,1,3,15.9,60.7,10.33,10.84,-4.8,37.1,,10,56.3,46.7,54.67,1,17.0,2.4,-4.8,1.2,1.24,10.9
2838,聯邦銀,金融保險業,2,-50.93,2,2,-6.9,44.1,52.58,61.91,-15.1,31.7,,10,24.8,15.8,3.88,1,21.0,2.9,-2.4,7.5,0.75,8.5
2881,富邦金,金融保險業,2,-231.54,0,3,-60.3,171.3,733.69,970.02,-24.4,3032.7,,9,86.0,172.4,-48.01,0,150.0,6.0,10.3,69.3,0.72,508.9
2855,統一證,金融保險業,2,-345.3,1,4,109.5,454.8,86.7,89.66,-3.3,163.9,,11,274.6,217.4,109.87,5,57.8,20.9,14.7,78.1,1.2,56.4
2891,中信金,金融保險業,2,-520.59,1,2,-22.8,497.8,622.76,520.05,19.8,55.7,★ 是,9,309.2,36.5,-32.01,0,68.5,7.4,-3.0,29.2,0.89,441.7
2851,中再保,金融保險業,2,-578.8,0,4,-19.6,559.2,40.27,73.13,-44.9,43.0,,9,332.9,75.6,-31.48,0,47.5,3.9,23.5,55.0,1.02,28.3
2887,台新新光金,金融保險業,2,-613.4,1,3,89.8,703.2,515.7,450.03,14.6,45.1,★ 是,10,302.6,81.9,-44.54,0,42.5,13.9,34.8,77.7,0.86,537.0
6024,群益期,金融保險業,1,146.84,0,2,71.0,-75.9,11.56,3.25,255.9,-30.1,,8,105.9,-12.9,7.8,3,60.8,-1.9,5.3,18.6,0.48,3.3
2852,第一保,金融保險業,1,4.32,1,2,3.9,-0.4,25.79,24.25,6.4,4.2,,6,7.4,-0.1,2.35,2,27.95,-1.8,5.1,7.7,0.56,1.6
2834,臺企銀,金融保險業,1,-4.71,2,3,6.4,11.1,103.97,93.98,10.6,16.0,★ 是,8,11.0,6.5,8.81,2,17.85,9.2,6.1,26.9,0.79,285.6
2883,凱基金,金融保險業,1,-219.08,0,3,-37.2,181.9,355.86,304.97,16.7,,★ 是,7,95.9,4170.4,-51.73,0,38.95,21.2,27.7,96.7,0.91,360.8
2882,國泰金,金融保險業,1,-221.89,0,2,-60.4,161.5,869.29,754.72,15.2,40.3,★ 是,7,86.8,62.5,-69.46,0,110.5,7.8,-0.9,56.1,0.78,513.4
