symbol,sector,name,as_of_date,t_price,cum_ret_4w,cum_ret_13w,cum_ret_26w,point,di,cum_ret_4w_rank_in_sector,cum_ret_13w_rank_in_sector,cum_ret_26w_rank_in_sector,cms_a,surprise_l1,surprise_l2,earnings_passed
LYV,Communication Services,Live Nation Entertainment,2026-07-27,174.13,-6.68,10.03,19.72,10.7,0.667,20,2,1,10.8,,,True
TTWO,Communication Services,Take-Two Interactive,2026-07-27,242.92,-4.73,12.45,10.27,7.06,0.667,17,1,2,9.2,,,True
VZ,Communication Services,Verizon,2026-07-27,46.81,11.86,-1.04,8.54,6.98,0.667,2,7,3,3.7,,,True
NWSA,Communication Services,News Corp (Class A),2026-07-27,27.56,3.45,5.03,2.39,3.31,1.0,5,3,8,5.0,,,True
EA,Communication Services,Electronic Arts,2026-07-27,209.86,2.27,3.94,3.11,3.11,1.0,8,4,7,6.6,,,True
OMC,Communication Services,Omnicom Group,2026-07-27,78.7,0.1,3.41,4.28,3.02,1.0,11,5,6,8.2,,,True
NWS,Communication Services,News Corp (Class B),2026-07-27,31.27,3.65,2.83,0.92,2.08,1.0,4,6,9,5.6,,,True
GOOG,Communication Services,Alphabet Inc. (Class C),2026-07-27,356.65,0.13,-6.88,5.49,1.06,0.667,10,11,5,9.3,,,True
GOOGL,Communication Services,Alphabet Inc. (Class A),2026-07-27,356.13,-1.05,-7.61,5.5,0.59,0.333,13,12,4,10.9,,,True
WBD,Communication Services,Warner Bros. Discovery,2026-07-27,26.3,-0.68,-2.48,-4.5,-3.04,0.0,12,9,10,10.7,,,True
T,Communication Services,AT&T,2026-07-27,23.25,14.49,-9.8,-9.16,-3.41,0.333,1,16,11,7.5,,,True
TKO,Communication Services,TKO Group Holdings,2026-07-27,181.81,-6.49,-1.85,-9.54,-6.85,0.0,19,8,12,14.3,,,True
TMUS,Communication Services,T-Mobile US,2026-07-27,172.71,-2.71,-11.43,-11.52,-9.3,0.0,14,18,13,15.0,,,True
DIS,Communication Services,Walt Disney Company (The),2026-07-27,96.19,-3.33,-5.97,-14.07,-9.36,0.0,15,10,14,13.3,,,True
FOXA,Communication Services,Fox Corporation (Class A),2026-07-27,58.23,3.1,-8.08,-19.6,-11.05,0.333,6,13,17,10.3,,,True
CMCSA,Communication Services,Comcast,2026-07-27,23.96,0.71,-10.68,-17.42,-11.2,0.333,9,17,16,12.8,,,True
FOX,Communication Services,Fox Corporation (Class B),2026-07-27,51.94,2.73,-8.77,-20.36,-11.69,0.333,7,15,18,11.6,,,True
META,Communication Services,Meta Platforms,2026-07-27,556.71,-4.49,-8.46,-22.16,-14.32,0.0,16,14,19,16.0,,,True
NFLX,Communication Services,Netflix,2026-07-27,71.71,-7.65,-22.11,-14.11,-14.49,0.0,21,20,15,19.5,,,True
CHTR,Communication Services,Charter Communications,2026-07-27,144.98,5.67,-15.58,-29.66,-17.31,0.333,3,19,22,11.6,,,True
ECHO,Communication Services,EchoStar,2026-07-27,84.09,-17.15,-31.73,-25.73,-25.09,0.0,22,23,20,21.9,,,False
PSKY,Communication Services,Paramount Skydance Corporation,2026-07-27,7.96,-23.39,-27.88,-28.28,-26.96,0.0,23,22,21,22.3,,,False
TTD,Communication Services,Trade Desk (The),2026-07-27,18.04,-5.55,-25.58,-40.52,-28.04,0.0,18,21,23,19.9,,,False
GRMN,Consumer Discretionary,Garmin,2026-07-27,293.78,22.4,21.72,46.9,34.48,1.0,1,4,1,1.9,,,True
BBY,Consumer Discretionary,Best Buy,2026-07-27,86.26,10.6,45.56,36.31,32.2,1.0,8,1,2,4.7,,,True
ROST,Consumer Discretionary,Ross Stores,2026-07-27,251.07,17.64,9.93,33.63,23.71,1.0,2,13,3,5.5,,,True
MGM,Consumer Discretionary,MGM Resorts,2026-07-27,44.57,-5.37,15.77,32.89,19.04,0.667,34,9,4,20.5,,,True
EBAY,Consumer Discretionary,eBay Inc.,2026-07-27,114.01,-0.72,9.85,25.75,15.16,0.667,26,14,5,18.2,,,True
TPR,Consumer Discretionary,"Tapestry, Inc.",2026-07-27,152.37,5.66,7.05,20.73,13.54,1.0,12,15,6,11.7,,,True
WSM,Consumer Discretionary,"Williams-Sonoma, Inc.",2026-07-27,228.66,0.83,27.46,12.55,13.35,1.0,21,2,11,13.3,,,True
F,Consumer Discretionary,Ford Motor Company,2026-07-27,14.68,9.88,25.13,8.26,12.88,1.0,9,3,13,8.0,,,True
EXPE,Consumer Discretionary,Expedia Group,2026-07-27,294.74,9.7,17.28,11.77,12.63,1.0,10,8,12,9.8,,,True
GM,Consumer Discretionary,General Motors,2026-07-27,88.86,16.92,17.53,6.27,11.75,1.0,4,7,17,7.5,,,True
ABNB,Consumer Discretionary,Airbnb,2026-07-27,151.52,1.74,6.96,17.12,10.74,1.0,19,16,8,15.9,,,True
MAR,Consumer Discretionary,Marriott International,2026-07-27,372.83,-0.03,5.24,18.71,10.66,0.667,24,20,7,19.4,,,True
AMZN,Consumer Discretionary,Amazon,2026-07-27,271.58,11.91,1.24,13.49,10.03,1.0,5,24,10,11.7,,,True
SBUX,Consumer Discretionary,Starbucks,2026-07-27,105.25,0.94,-0.03,15.88,8.17,0.667,20,27,9,19.9,,,True
HAS,Consumer Discretionary,Hasbro,2026-07-27,93.94,17.21,-0.59,6.78,7.54,0.667,3,29,16,13.4,,,True
RCL,Consumer Discretionary,Royal Caribbean Group,2026-07-27,318.3,7.42,20.49,-0.92,6.52,0.667,11,5,22,11.4,,,True
RL,Consumer Discretionary,Ralph Lauren Corporation,2026-07-27,380.34,-4.49,5.26,8.18,4.28,0.667,31,19,14,24.0,,,True
TJX,Consumer Discretionary,TJX Companies,2026-07-27,157.34,2.0,0.65,5.67,3.5,1.0,18,25,18,20.1,,,False
DRI,Consumer Discretionary,Darden Restaurants,2026-07-27,203.58,0.44,5.37,3.74,3.32,1.0,22,18,19,20.2,,,False
BKNG,Consumer Discretionary,Booking Holdings,2026-07-27,192.9,4.52,14.0,-3.12,3.07,0.667,14,10,23,14.6,,,True
HLT,Consumer Discretionary,Hilton Worldwide,2026-07-27,320.49,-5.21,0.64,7.46,2.59,0.667,33,26,15,27.3,,,True
CMG,Consumer Discretionary,Chipotle Mexican Grill,2026-07-27,37.22,5.17,12.86,-4.24,2.38,0.667,13,11,26,15.0,,,True
DASH,Consumer Discretionary,DoorDash,2026-07-27,196.16,2.16,11.56,-4.13,1.36,0.667,17,12,25,17.1,,,True
PHM,Consumer Discretionary,PulteGroup,2026-07-27,126.47,-5.39,6.32,1.53,1.0,0.667,35,17,20,26.6,,,False
GPC,Consumer Discretionary,Genuine Parts Company,2026-07-27,124.37,-6.19,19.75,-8.72,-0.97,0.333,38,6,30,26.8,,,True
CCL,Consumer Discretionary,Carnival Corporation,2026-07-27,27.81,-0.36,4.95,-6.36,-2.03,0.333,25,21,28,24.4,,,False
YUM,Consumer Discretionary,Yum! Brands,2026-07-27,153.28,-6.95,-2.73,-0.49,-2.67,0.0,40,31,21,33.5,,,False
DPZ,Consumer Discretionary,Domino's,2026-07-27,347.44,11.48,3.5,-14.37,-3.44,0.667,6,22,34,16.4,,,True
WYNN,Consumer Discretionary,Wynn Resorts,2026-07-27,99.31,3.54,-6.05,-7.13,-4.19,0.333,16,37,29,24.9,,,False
LVS,Consumer Discretionary,Las Vegas Sands,2026-07-27,48.89,4.04,-8.58,-6.26,-4.26,0.333,15,42,27,25.5,,,True
DHI,Consumer Discretionary,D. R. Horton,2026-07-27,143.06,-9.78,-4.33,-3.32,-5.19,0.0,46,34,24,38.0,,,False
HD,Consumer Discretionary,Home Depot (The),2026-07-27,331.96,-7.25,3.26,-10.12,-6.06,0.333,41,23,32,33.8,,,False
ORLY,Consumer Discretionary,O’Reilly Automotive,2026-07-27,89.35,-1.0,-7.57,-9.21,-6.75,0.0,27,40,31,31.7,,,False
ULTA,Consumer Discretionary,Ulta Beauty,2026-07-27,512.83,11.16,-3.59,-20.78,-8.5,0.333,7,32,39,20.9,,,True
MCD,Consumer Discretionary,McDonald's,2026-07-27,270.64,-3.56,-4.94,-13.02,-8.63,0.0,29,35,33,31.6,,,False
NCLH,Consumer Discretionary,Norwegian Cruise Line Holdings,2026-07-27,18.53,-6.32,-1.49,-15.62,-9.76,0.0,39,30,35,35.5,,,False
NVR,Consumer Discretionary,"NVR, Inc.",2026-07-27,6147.05,-8.94,-0.12,-19.5,-12.01,0.0,44,28,38,38.0,,,False
DECK,Consumer Discretionary,Deckers Brands,2026-07-27,96.88,-7.46,-3.97,-18.82,-12.27,0.0,42,33,37,38.3,,,False
AZO,Consumer Discretionary,AutoZone,2026-07-27,3016.25,-4.53,-16.08,-18.57,-14.44,0.0,32,45,36,36.7,,,False
LEN,Consumer Discretionary,Lennar,2026-07-27,82.35,-6.09,-6.34,-23.5,-14.86,0.0,37,38,42,38.3,,,False
LOW,Consumer Discretionary,Lowe's,2026-07-27,207.81,-8.09,-10.39,-21.33,-15.28,0.0,43,43,40,42.4,,,False
APTV,Consumer Discretionary,Aptiv,2026-07-27,56.47,-4.11,-6.65,-25.45,-15.41,0.0,30,39,43,35.3,,,False
CVNA,Consumer Discretionary,Carvana,2026-07-27,62.36,-9.1,-18.5,-22.27,-18.03,0.0,45,46,41,44.5,,,False
NKE,Consumer Discretionary,"Nike, Inc.",2026-07-27,41.71,-5.4,-5.22,-31.46,-18.39,0.0,36,36,45,37.8,,,False
LULU,Consumer Discretionary,Lululemon Athletica,2026-07-27,118.87,0.37,-11.01,-31.88,-18.6,0.333,23,44,46,33.9,,,False
TSCO,Consumer Discretionary,Tractor Supply,2026-07-27,30.77,-3.12,-8.31,-38.76,-22.24,0.0,28,41,47,35.7,,,False
TSLA,Consumer Discretionary,"Tesla, Inc.",2026-07-27,311.21,-20.9,-20.37,-27.69,-24.17,0.0,47,47,44,46.4,,,False
TGT,Consumer Staples,Target Corporation,2026-07-27,144.49,10.97,13.16,39.7,25.88,1.0,1,10,2,3.9,,,True
CASY,Consumer Staples,Casey's,2026-07-27,871.0,9.31,4.27,43.82,25.31,1.0,3,20,1,7.7,,,True
MNST,Consumer Staples,Monster Beverage,2026-07-27,96.38,-1.25,24.97,19.34,15.6,0.667,21,2,4,11.9,,,True
SJM,Consumer Staples,J.M. Smucker Company (The),2026-07-27,119.26,2.56,24.35,16.15,14.8,1.0,9,3,6,6.6,,,True
KO,Consumer Staples,Coca-Cola Company (The),2026-07-27,87.59,4.1,12.19,18.65,13.4,1.0,7,11,5,7.8,,,True
DLTR,Consumer Staples,Dollar Tree,2026-07-27,127.21,2.55,34.37,8.18,13.32,1.0,10,1,13,7.9,,,True
ADM,Consumer Staples,Archer Daniels Midland,2026-07-27,79.27,3.23,6.48,19.44,12.15,1.0,8,16,3,9.4,,,True
KHC,Consumer Staples,Kraft Heinz,2026-07-27,25.85,1.89,17.02,12.72,11.09,1.0,12,5,10,9.5,,,True
BF-B,Consumer Staples,Brown–Forman,2026-07-27,28.73,9.82,13.43,6.86,9.24,1.0,2,9,15,6.7,,,True
PM,Consumer Staples,Philip Morris International,2026-07-27,190.82,4.69,15.64,8.18,9.17,1.0,5,7,13,7.2,,,True
KVUE,Consumer Staples,Kenvue,2026-07-27,19.24,-2.98,11.71,13.19,8.78,0.667,24,12,9,17.4,,,True
KMB,Consumer Staples,Kimberly-Clark,2026-07-27,109.31,-4.72,13.45,12.19,8.28,0.667,32,8,11,20.6,,,True
KDP,Consumer Staples,Keurig Dr Pepper,2026-07-27,31.12,-6.55,7.74,15.23,7.91,0.667,34,15,7,22.9,,,True
HRL,Consumer Staples,Hormel Foods,2026-07-27,25.01,1.24,18.66,4.31,7.13,1.0,13,4,16,10.9,,,True
SYY,Consumer Staples,Sysco,2026-07-27,85.24,0.48,15.87,3.1,5.64,1.0,14,6,18,12.4,,,True
MDLZ,Consumer Staples,Mondelez International,2026-07-27,62.31,2.3,2.38,8.39,5.37,1.0,11,22,12,14.5,,,True
MO,Consumer Staples,Altria,2026-07-27,68.33,-6.02,-6.97,13.75,3.63,0.333,33,28,8,26.5,,,True
CHD,Consumer Staples,Church & Dwight,2026-07-27,98.81,0.21,3.24,3.31,2.52,1.0,16,21,17,17.7,,,False
CL,Consumer Staples,Colgate-Palmolive,2026-07-27,91.3,-3.48,5.23,2.33,1.6,0.667,27,18,19,22.7,,,False
DG,Consumer Staples,Dollar General,2026-07-27,127.05,8.06,11.59,-10.55,-0.36,0.667,4,13,28,11.5,,,True
COST,Consumer Staples,Costco,2026-07-27,951.89,0.18,-5.76,1.55,-0.62,0.667,17,27,20,20.6,,,False
PG,Consumer Staples,Procter & Gamble,2026-07-27,144.49,-3.86,-1.15,-3.36,-2.93,0.0,28,25,21,25.7,,,False
TAP,Consumer Staples,Molson Coors Beverage Company,2026-07-27,41.56,4.47,-0.2,-11.55,-4.71,0.333,6,24,29,16.0,,,True
CLX,Consumer Staples,Clorox,2026-07-27,95.53,-1.78,9.67,-14.24,-5.15,0.333,23,14,30,21.7,,,True
HSY,Consumer Staples,Hershey Company (The),2026-07-27,175.05,-3.89,-3.26,-8.83,-6.2,0.0,29,26,26,27.5,,,False
BG,Consumer Staples,Bunge Global,2026-07-27,106.23,-0.22,-14.24,-5.62,-6.42,0.0,18,32,22,23.0,,,False
PEP,Consumer Staples,PepsiCo,2026-07-27,139.56,-3.23,-10.41,-7.38,-7.1,0.0,26,30,25,27.0,,,False
WMT,Consumer Staples,Walmart,2026-07-27,111.2,-0.57,-15.34,-6.29,-7.13,0.0,19,34,23,24.3,,,False
TSN,Consumer Staples,Tyson Foods,2026-07-27,57.96,-1.58,-8.22,-9.81,-7.35,0.0,22,29,27,25.1,,,False
KR,Consumer Staples,Kroger,2026-07-27,57.74,-0.82,-14.35,-7.18,-7.39,0.0,20,33,24,24.7,,,False
MKC,Consumer Staples,McCormick & Company,2026-07-27,50.9,-3.91,2.23,-16.19,-8.51,0.333,30,23,32,28.3,,,False
GIS,Consumer Staples,General Mills,2026-07-27,35.75,-3.2,4.75,-20.05,-9.64,0.333,25,19,33,24.8,,,False
EL,Consumer Staples,Estée Lauder Companies (The),2026-07-27,83.9,0.23,6.21,-26.71,-11.75,0.667,15,17,34,19.4,,,True
STZ,Consumer Staples,Constellation Brands,2026-07-27,130.23,-4.52,-14.11,-15.68,-12.5,0.0,31,31,31,31.0,,,False
MPC,Energy,Marathon Petroleum,2026-07-27,316.47,18.82,29.06,81.21,52.57,1.0,2,1,1,1.5,,,True
VLO,Energy,Valero Energy,2026-07-27,312.9,17.31,27.84,75.02,48.8,1.0,4,2,2,3.0,,,True
PSX,Energy,Phillips 66,2026-07-27,211.68,19.99,21.02,49.74,35.12,1.0,1,3,3,2.0,,,True
APA,Energy,APA Corporation,2026-07-27,37.32,16.14,-6.35,43.26,24.08,0.667,7,15,4,8.8,,,True
EOG,Energy,EOG Resources,2026-07-27,148.69,14.54,7.8,34.63,22.9,1.0,10,4,6,7.4,,,True
TRGP,Energy,Targa Resources,2026-07-27,270.37,4.93,6.83,35.83,20.86,1.0,14,5,5,9.5,,,True
OXY,Energy,Occidental Petroleum,2026-07-27,57.07,16.68,-2.34,26.91,17.04,0.667,5,12,7,7.5,,,True
FANG,Energy,Diamondback Energy,2026-07-27,202.95,17.97,-1.73,25.21,16.67,0.667,3,11,8,6.4,,,True
COP,Energy,ConocoPhillips,2026-07-27,120.48,15.04,-1.47,17.36,12.07,0.667,8,10,10,9.0,,,True
CVX,Energy,Chevron Corporation,2026-07-27,196.83,16.33,4.2,13.38,11.82,1.0,6,6,13,7.4,,,True
OKE,Energy,Oneok,2026-07-27,90.81,3.39,1.7,17.64,10.09,1.0,16,8,9,12.2,,,True
XOM,Energy,ExxonMobil,2026-07-27,155.44,13.39,2.45,11.41,9.67,1.0,11,7,14,10.4,,,True
DVN,Energy,Devon Energy,2026-07-27,45.13,11.51,-10.1,13.62,7.16,0.667,12,18,12,13.8,,,True
TPL,Energy,Texas Pacific Land Corporation,2026-07-27,402.58,-1.13,-7.02,15.87,5.9,0.333,19,16,11,16.5,,,True
BKR,Energy,Baker Hughes,2026-07-27,60.49,14.61,-12.19,8.71,4.96,0.667,9,19,15,13.2,,,True
KMI,Energy,Kinder Morgan,2026-07-27,32.18,0.37,-0.16,7.55,3.83,0.667,18,9,17,15.1,,,True
WMB,Energy,Williams Companies,2026-07-27,71.54,-2.19,-4.6,7.92,2.26,0.333,21,13,16,17.6,,,True
SLB,Energy,Schlumberger,2026-07-27,49.59,9.88,-12.42,3.65,1.19,0.667,13,20,18,16.1,,,True
EQT,Energy,EQT Corporation,2026-07-27,53.29,1.29,-8.9,-7.17,-5.49,0.333,17,17,20,17.6,,,False
HAL,Energy,Halliburton,2026-07-27,32.25,-2.15,-22.26,-2.91,-7.56,0.0,20,21,19,20.1,,,False
EXE,Energy,Expand Energy,2026-07-27,94.03,3.65,-5.51,-15.39,-8.16,0.333,15,14,21,15.9,,,True
STT,Financials,State Street Corporation,2026-07-27,184.16,7.89,21.76,42.38,28.6,1.0,17,7,1,10.8,,,True
TRV,Financials,Travelers Companies (The),2026-07-27,374.36,9.36,23.37,32.61,24.49,1.0,11,4,4,7.5,,,True
ALL,Financials,Allstate,2026-07-27,264.08,5.49,22.57,34.08,24.06,1.0,26,5,3,15.1,,,True
BNY,Financials,BNY Mellon,2026-07-27,156.33,7.05,17.32,31.4,21.79,1.0,19,13,5,14.4,,,True
XYZ,Financials,"Block, Inc.",2026-07-27,81.24,3.06,13.13,34.44,21.27,1.0,35,30,2,26.9,,,True
GL,Financials,Globe Life,2026-07-27,182.25,1.16,19.55,30.52,20.44,1.0,43,11,6,26.0,,,True
CPAY,Financials,Corpay,2026-07-27,382.11,8.41,24.38,21.45,18.92,1.0,13,3,11,9.6,,,True
MET,Financials,MetLife,2026-07-27,96.13,6.74,20.74,23.68,18.71,1.0,22,9,8,15.3,,,True
BEN,Financials,Franklin Resources,2026-07-27,33.86,-0.73,14.61,30.35,18.65,0.667,56,23,7,36.3,,,True
WTW,Financials,Willis Towers Watson,2026-07-27,335.92,17.36,31.52,6.55,15.5,1.0,3,1,41,10.0,,,True
NTRS,Financials,Northern Trust,2026-07-27,182.19,3.22,11.28,23.18,15.21,1.0,32,37,9,28.9,,,True
PFG,Financials,Principal Financial Group,2026-07-27,113.7,2.55,13.37,22.08,15.02,1.0,37,28,10,28.9,,,True
GPN,Financials,Global Payments,2026-07-27,84.08,6.93,16.64,18.04,14.91,1.0,20,16,13,17.4,,,True
PRU,Financials,Prudential Financial,2026-07-27,122.08,8.08,25.48,12.88,14.83,1.0,16,2,28,14.2,,,True
PYPL,Financials,PayPal,2026-07-27,57.21,25.82,13.8,9.27,14.54,1.0,1,26,35,15.3,,,True
BAC,Financials,Bank of America,2026-07-27,61.95,5.48,16.96,17.71,14.47,1.0,27,15,15,21.0,,,True
AIZ,Financials,Assurant,2026-07-27,279.19,-0.1,21.01,18.12,14.29,0.667,52,8,12,30.8,,,True
CBOE,Financials,Cboe Global Markets,2026-07-27,310.23,24.6,-4.92,17.58,13.71,0.667,2,73,16,26.1,,,True
AFL,Financials,Aflac,2026-07-27,127.48,5.46,13.52,16.11,12.8,1.0,28,27,19,25.9,,,False
JPM,Financials,JPMorgan Chase,2026-07-27,351.79,5.65,13.09,16.11,12.74,1.0,25,31,19,25.6,,,False
CFG,Financials,Citizens Financial Group,2026-07-27,71.65,1.6,11.95,16.14,11.46,1.0,42,35,18,35.1,,,False
IVZ,Financials,Invesco,2026-07-27,29.6,9.59,15.22,10.19,11.3,1.0,8,21,32,16.7,,,True
USB,Financials,U.S. Bancorp,2026-07-27,63.01,2.07,12.88,14.43,10.95,1.0,39,33,22,33.8,,,False
MTB,Financials,M&T Bank,2026-07-27,246.29,3.1,14.59,12.71,10.78,1.0,33,24,29,29.5,,,False
MS,Financials,Morgan Stanley,2026-07-27,210.42,-1.1,11.26,16.37,10.72,0.667,58,38,17,43.8,,,False
PNC,Financials,PNC Financial Services,2026-07-27,249.87,0.95,14.11,13.66,10.59,1.0,46,25,27,35.9,,,False
V,Financials,Visa Inc.,2026-07-27,366.13,1.1,11.85,14.24,10.36,1.0,44,36,25,37.8,,,False
IBKR,Financials,Interactive Brokers,2026-07-27,87.99,-3.66,9.47,17.75,10.33,0.667,65,43,14,48.2,,,True
FITB,Financials,Fifth Third Bancorp,2026-07-27,56.5,-1.15,12.83,14.33,10.08,0.667,59,34,23,44.3,,,False
AMP,Financials,Ameriprise Financial,2026-07-27,545.84,11.59,17.26,4.22,9.32,1.0,6,14,48,16.8,,,True
EG,Financials,Everest Group,2026-07-27,374.15,0.75,6.45,14.33,8.96,1.0,48,51,23,43.9,,,False
MA,Financials,Mastercard,2026-07-27,573.1,6.43,15.86,6.73,8.94,1.0,23,18,40,24.9,,,False
RJF,Financials,Raymond James Financial,2026-07-27,175.98,8.19,13.06,6.88,8.75,1.0,14,32,38,24.2,,,True
RF,Financials,Regions Financial Corporation,2026-07-27,30.95,2.21,10.84,10.69,8.61,1.0,38,39,31,36.9,,,False
CB,Financials,Chubb Limited,2026-07-27,350.68,-2.9,7.83,13.97,8.22,0.667,64,48,26,51.6,,,False
FDS,Financials,FactSet,2026-07-27,263.2,5.24,16.22,4.52,7.62,1.0,29,17,47,29.0,,,False
GS,Financials,Goldman Sachs,2026-07-27,1018.38,-0.26,10.73,9.93,7.58,0.667,53,40,34,45.3,,,False
C,Financials,Citigroup,2026-07-27,132.45,-5.37,4.42,15.61,7.57,0.667,69,56,21,55.5,,,False
SCHW,Financials,Charles Schwab Corporation,2026-07-27,105.24,8.49,15.38,1.98,6.96,1.0,12,20,51,22.2,,,True
CINF,Financials,Cincinnati Financial,2026-07-27,177.68,-7.47,10.25,11.7,6.54,0.667,73,42,30,55.1,,,False
MRSH,Financials,Marsh McLennan,2026-07-27,189.69,6.85,14.79,1.89,6.35,1.0,21,22,52,27.5,,,False
WRB,Financials,W. R. Berkley Corporation,2026-07-27,72.54,0.64,10.27,6.86,6.16,1.0,50,41,39,45.1,,,False
L,Financials,Loews Corporation,2026-07-27,116.01,-0.44,3.92,10.02,5.88,0.667,54,58,33,51.0,,,False
AON,Financials,Aon plc,2026-07-27,360.55,0.86,15.74,3.39,5.85,1.0,47,19,49,39.0,,,False
BRK-B,Financials,Berkshire Hathaway,2026-07-27,511.54,0.74,8.15,6.45,5.45,1.0,49,47,42,47.0,,,False
TROW,Financials,T. Rowe Price,2026-07-27,111.75,-5.74,9.35,8.61,5.21,0.667,70,45,36,55.7,,,False
AJG,Financials,Arthur J. Gallagher & Co.,2026-07-27,249.42,-1.2,20.25,0.66,5.09,0.667,60,10,54,43.8,,,True
HIG,Financials,Hartford (The),2026-07-27,141.91,2.95,4.99,6.02,4.99,1.0,36,55,44,43.3,,,False
BRO,Financials,Brown & Brown,2026-07-27,70.4,0.57,22.52,-1.85,4.85,0.667,51,6,57,38.7,,,True
KEY,Financials,KeyCorp,2026-07-27,22.59,-1.87,4.32,7.06,4.14,0.667,62,57,37,55.5,,,False
ACGL,Financials,Arch Capital Group,2026-07-27,100.53,-1.63,7.15,4.68,3.72,0.667,61,50,46,54.7,,,False
AIG,Financials,American International Group,2026-07-27,78.58,-1.02,0.42,6.26,2.98,0.667,57,67,43,57.2,,,False
NDAQ,Financials,"Nasdaq, Inc.",2026-07-27,94.19,11.26,3.51,-2.13,2.63,0.667,7,59,58,32.8,,,True
TFC,Financials,Truist Financial,2026-07-27,51.84,1.69,2.86,2.91,2.59,1.0,41,62,50,49.1,,,False
SYF,Financials,Synchrony Financial,2026-07-27,75.79,-0.71,0.45,5.2,2.53,0.667,55,66,45,56.3,,,False
BLK,Financials,BlackRock,2026-07-27,1090.39,9.51,3.28,-1.46,2.47,0.667,10,61,56,34.5,,,True
COF,Financials,Capital One,2026-07-27,209.01,1.9,9.38,-3.75,0.94,0.667,40,44,60,45.2,,,False
WFC,Financials,Wells Fargo,2026-07-27,86.45,1.1,7.59,-3.45,0.45,0.667,44,49,59,48.5,,,False
PGR,Financials,Progressive Corporation,2026-07-27,211.42,-8.96,6.12,1.74,0.16,0.667,74,52,53,63.2,,,False
HBAN,Financials,Huntington Bancshares,2026-07-27,17.04,-4.59,3.39,-0.64,-0.62,0.333,67,60,55,62.5,,,False
CME,Financials,CME Group,2026-07-27,267.79,13.18,-7.03,-4.65,-0.79,0.333,5,74,62,37.1,,,True
ARES,Financials,Ares Management,2026-07-27,128.09,9.57,8.72,-12.38,-1.62,0.667,9,46,69,32.1,,,True
AXP,Financials,American Express,2026-07-27,336.25,-4.46,5.47,-3.96,-1.73,0.333,66,53,61,61.1,,,False
APO,Financials,Apollo Global Management,2026-07-27,125.59,5.88,-3.33,-5.88,-2.3,0.333,24,72,64,46.4,,,False
ICE,Financials,Intercontinental Exchange,2026-07-27,152.48,14.66,-1.1,-11.65,-2.43,0.333,4,68,68,36.0,,,True
BX,Financials,Blackstone Inc.,2026-07-27,127.75,4.05,2.04,-8.42,-2.69,0.667,31,64,66,47.9,,,False
MCO,Financials,Moody's Corporation,2026-07-27,478.38,-2.47,5.21,-6.79,-2.71,0.333,63,54,65,60.7,,,False
KKR,Financials,KKR & Co.,2026-07-27,101.43,8.09,-1.98,-10.89,-3.92,0.333,15,69,67,41.6,,,True
MSCI,Financials,MSCI Inc.,2026-07-27,572.24,-5.12,-2.47,-5.36,-4.58,0.0,68,70,63,67.6,,,False
ERIE,Financials,Erie Indemnity,2026-07-27,242.04,-6.1,13.24,-13.49,-4.96,0.333,71,29,72,58.6,,,False
JKHY,Financials,Jack Henry & Associates,2026-07-27,154.04,4.88,0.46,-13.34,-5.34,0.667,30,65,71,48.7,,,False
FIS,Financials,Fidelity National Information Services,2026-07-27,44.77,7.11,-2.7,-17.34,-7.57,0.333,18,71,75,45.3,,,False
HOOD,Financials,Robinhood Markets,2026-07-27,86.56,-23.21,17.51,-12.99,-7.92,0.333,76,12,70,55.6,,,True
SPGI,Financials,S&P Global,2026-07-27,411.93,-6.36,2.43,-17.12,-9.54,0.333,72,63,74,69.7,,,False
FISV,Financials,Fiserv,2026-07-27,53.94,3.08,-13.2,-15.36,-10.21,0.333,34,75,73,54.1,,,False
COIN,Financials,Coinbase,2026-07-27,146.26,-11.61,-23.52,-24.89,-21.23,0.0,75,76,76,75.5,,,False
DVA,Health Care,DaVita,2026-07-27,240.09,2.21,58.32,119.58,74.92,1.0,28,1,1,14.5,,,True
HUM,Health Care,Humana,2026-07-27,363.86,-8.29,56.11,87.79,55.85,0.667,52,2,2,27.0,,,True
BAX,Health Care,Baxter International,2026-07-27,26.16,15.5,52.08,30.48,32.13,1.0,3,3,8,4.0,,,True
CVS,Health Care,CVS Health,2026-07-27,104.43,0.34,28.0,42.24,28.21,1.0,34,10,6,21.2,,,True
UNH,Health Care,UnitedHealth Group,2026-07-27,414.4,-2.58,13.01,46.38,25.8,0.667,45,33,4,33.2,,,True
WST,Health Care,West Pharmaceutical Services,2026-07-27,340.96,-6.71,13.47,47.73,25.56,0.667,51,31,3,35.4,,,True
CNC,Health Care,Centene Corporation,2026-07-27,62.22,-8.31,16.65,43.63,23.9,0.667,53,26,5,35.3,,,True
VTRS,Health Care,Viatris,2026-07-27,17.56,5.15,17.61,36.29,23.83,1.0,17,24,7,17.1,,,True
DXCM,Health Care,Dexcom,2026-07-27,83.45,17.12,36.02,14.25,20.41,1.0,1,6,17,5.7,,,True
DGX,Health Care,Quest Diagnostics,2026-07-27,233.01,8.45,21.43,25.64,20.29,1.0,10,15,9,11.3,,,True
BMY,Health Care,Bristol Myers Squibb,2026-07-27,65.31,12.35,13.44,21.21,17.06,1.0,5,32,11,14.3,,,True
IQV,Health Care,IQVIA,2026-07-27,235.02,13.51,48.96,2.12,16.68,1.0,4,4,37,10.6,,,True
INCY,Health Care,Incyte,2026-07-27,119.52,2.28,23.33,19.44,16.12,1.0,27,11,13,19.4,,,True
CRL,Health Care,Charles River Laboratories,2026-07-27,232.51,0.79,40.25,10.47,15.49,1.0,30,5,24,21.3,,,True
SOLV,Health Care,Solventum,2026-07-27,85.44,9.16,28.23,11.0,14.85,1.0,8,9,23,11.3,,,True
TECH,Health Care,Bio-Techne,2026-07-27,72.09,1.78,31.27,12.84,14.68,1.0,29,7,20,20.6,,,True
LH,Health Care,Labcorp,2026-07-27,309.2,7.74,21.19,14.48,14.47,1.0,12,16,14,13.6,,,True
MRK,Health Care,Merck & Co.,2026-07-27,130.2,0.49,16.92,19.8,14.26,1.0,33,25,12,26.4,,,True
AMGN,Health Care,Amgen,2026-07-27,385.16,2.94,17.66,14.3,12.3,1.0,25,23,15,22.4,,,True
ABBV,Health Care,AbbVie,2026-07-27,250.94,-3.2,22.33,14.27,11.92,0.667,47,14,16,30.9,,,True
HSIC,Health Care,Henry Schein,2026-07-27,85.75,-0.79,15.99,13.61,10.6,0.667,38,27,19,30.9,,,False
JNJ,Health Care,Johnson & Johnson,2026-07-27,256.35,-2.54,13.48,14.06,9.76,0.667,44,30,18,34.6,,,False
MRNA,Health Care,Moderna,2026-07-27,54.82,-31.27,20.83,24.39,9.59,0.667,59,18,10,36.9,,,True
ZBH,Health Care,Zimmer Biomet,2026-07-27,93.93,7.39,13.61,8.46,9.48,1.0,13,29,26,20.4,,,True
LLY,Health Care,Lilly (Eli),2026-07-27,1148.84,-5.36,19.46,11.14,9.1,0.667,49,19,22,34.6,,,False
RVTY,Health Care,Revvity,2026-07-27,112.52,-1.03,29.89,3.56,9.0,0.667,40,8,32,28.8,,,True
A,Health Care,Agilent Technologies,2026-07-27,138.37,5.88,21.06,3.81,8.64,1.0,15,17,30,18.6,,,True
REGN,Health Care,Regeneron Pharmaceuticals,2026-07-27,762.63,16.56,8.89,3.13,7.93,1.0,2,40,35,20.0,,,True
TMO,Health Care,Thermo Fisher Scientific,2026-07-27,574.3,9.72,22.52,-0.55,7.79,0.667,7,13,41,15.6,,,True
CAH,Health Care,Cardinal Health,2026-07-27,230.03,-3.73,18.08,7.54,7.36,0.667,48,22,27,36.0,,,False
BIIB,Health Care,Biogen,2026-07-27,202.95,-6.09,8.49,12.82,7.01,0.667,50,41,21,41.5,,,False
ABT,Health Care,Abbott Laboratories,2026-07-27,105.7,11.59,19.0,-1.99,6.65,0.667,6,20,42,17.4,,,True
BDX,Health Care,Becton Dickinson,2026-07-27,165.62,4.77,11.71,4.93,6.58,1.0,19,36,29,26.1,,,False
MTD,Health Care,Mettler Toledo,2026-07-27,1416.3,8.24,11.78,3.14,6.57,1.0,11,35,34,22.8,,,True
WAT,Health Care,Waters Corporation,2026-07-27,377.31,-0.52,22.85,1.78,6.47,0.667,37,12,38,29.7,,,True
VEEV,Health Care,Veeva Systems,2026-07-27,203.78,5.73,18.75,-0.07,6.09,0.667,16,21,40,22.3,,,False
MCK,Health Care,McKesson Corporation,2026-07-27,856.19,8.89,5.3,3.2,5.15,1.0,9,44,33,24.3,,,True
ELV,Health Care,Elevance Health,2026-07-27,375.84,-10.06,1.26,9.82,2.71,0.667,57,48,25,47.9,,,False
VRTX,Health Care,Vertex Pharmaceuticals,2026-07-27,477.1,-9.65,12.54,1.53,1.49,0.667,56,34,39,46.0,,,False
EW,Health Care,Edwards Lifesciences,2026-07-27,86.07,-8.8,2.49,5.79,1.32,0.667,55,47,28,47.2,,,False
CI,Health Care,Cigna,2026-07-27,279.05,-3.03,-0.79,2.96,0.52,0.333,46,51,36,45.5,,,False
PFE,Health Care,Pfizer,2026-07-27,25.01,4.64,-1.76,-2.16,-0.36,0.333,21,53,43,35.0,,,False
ALGN,Health Care,Align Technology,2026-07-27,169.16,-8.32,-5.45,3.76,-1.56,0.333,54,54,31,49.4,,,False
COO,Health Care,Cooper Companies (The),2026-07-27,72.32,-2.53,15.97,-11.13,-2.21,0.333,43,28,46,39.1,,,False
DHR,Health Care,Danaher Corporation,2026-07-27,194.98,-1.49,11.55,-10.55,-2.76,0.333,41,37,45,40.6,,,False
GEHC,Health Care,GE HealthCare,2026-07-27,68.02,3.8,11.52,-13.78,-3.06,0.667,23,38,50,32.9,,,False
SYK,Health Care,Stryker Corporation,2026-07-27,325.7,-0.26,10.8,-11.39,-3.06,0.333,36,39,47,39.1,,,False
STE,Health Care,Steris,2026-07-27,228.4,4.67,6.85,-12.54,-3.39,0.667,20,43,48,32.5,,,False
GILD,Health Care,Gilead Sciences,2026-07-27,130.21,-0.81,-0.44,-7.14,-3.88,0.0,39,50,44,43.3,,,False
COR,Health Care,Cencora,2026-07-27,311.34,5.0,2.65,-12.98,-4.58,0.667,18,46,49,32.6,,,False
MDT,Health Care,Medtronic,2026-07-27,85.39,2.64,7.7,-15.63,-5.23,0.667,26,42,51,35.8,,,False
UHS,Health Care,Universal Health Services,2026-07-27,168.44,6.39,1.0,-16.11,-6.21,0.667,14,49,52,32.1,,,True
RMD,Health Care,ResMed,2026-07-27,210.98,0.64,3.21,-17.89,-7.98,0.667,31,45,55,40.0,,,False
IDXX,Health Care,Idexx Laboratories,2026-07-27,559.07,0.23,-1.48,-16.61,-8.62,0.333,35,52,53,43.7,,,False
HCA,Health Care,HCA Healthcare,2026-07-27,402.59,-1.93,-6.86,-17.26,-10.83,0.0,42,56,54,48.6,,,False
PODD,Health Care,Insulet Corporation,2026-07-27,165.35,0.53,-5.54,-35.36,-18.93,0.333,32,55,57,43.9,,,False
ISRG,Health Care,Intuitive Surgical,2026-07-27,353.33,-17.06,-22.82,-29.93,-24.93,0.0,58,58,56,57.6,,,False
ZTS,Health Care,Zoetis,2026-07-27,77.29,4.05,-31.82,-37.38,-25.63,0.333,22,59,58,40.3,,,False
BSX,Health Care,Boston Scientific,2026-07-27,46.73,3.52,-17.29,-50.04,-28.46,0.333,24,57,59,40.9,,,False
FIX,Industrials,Comfort Systems USA,2026-07-27,1729.69,-0.67,-7.32,51.59,23.8,0.333,39,62,1,38.3,,,True
HWM,Industrials,Howmet Aerospace,2026-07-27,282.26,4.38,17.9,35.79,23.46,1.0,17,13,5,13.4,,,True
DAL,Industrials,Delta Air Lines,2026-07-27,87.44,-5.49,27.41,33.75,22.35,0.667,60,4,8,32.8,,,True
URI,Industrials,United Rentals,2026-07-27,1079.26,-1.76,13.93,38.6,22.34,0.667,45,19,3,28.8,,,True
CSX,Industrials,CSX Corporation,2026-07-27,50.4,3.09,12.12,34.32,20.96,1.0,25,21,7,20.2,,,True
GWW,Industrials,W. W. Grainger,2026-07-27,1382.22,2.92,20.58,28.49,20.12,1.0,28,11,10,19.3,,,True
WAB,Industrials,Wabtec,2026-07-27,290.86,10.93,9.91,26.69,18.56,1.0,6,25,11,12.7,,,True
JBHT,Industrials,J.B. Hunt,2026-07-27,271.75,-4.93,9.46,34.57,18.42,0.667,58,27,6,38.3,,,True
PAYX,Industrials,Paychex,2026-07-27,116.84,11.01,28.55,15.95,17.86,1.0,5,3,25,8.4,,,True
PWR,Industrials,Quanta Services,2026-07-27,667.36,-0.14,-10.07,40.66,17.77,0.333,37,68,2,39.3,,,True
SWK,Industrials,Stanley Black & Decker,2026-07-27,94.58,2.92,21.73,22.87,17.6,1.0,28,9,15,19.7,,,True
MMM,Industrials,3M,2026-07-27,176.28,9.87,24.35,16.21,16.66,1.0,8,7,23,10.7,,,True
UNP,Industrials,Union Pacific Corporation,2026-07-27,292.13,3.5,10.26,25.56,16.22,1.0,21,24,12,20.1,,,True
UAL,Industrials,United Airlines Holdings,2026-07-27,121.33,-8.99,31.14,18.58,14.83,0.667,66,2,19,37.4,,,True
GE,Industrials,GE Aerospace,2026-07-27,360.07,-4.5,25.83,17.68,14.17,0.667,54,5,20,32.5,,,True
GEV,Industrials,GE Vernova,2026-07-27,990.29,-11.03,-6.79,36.49,13.79,0.333,68,61,4,53.1,,,True
ADP,Industrials,Automatic Data Processing,2026-07-27,266.46,9.98,25.34,9.68,13.67,1.0,7,6,35,12.3,,,True
JCI,Industrials,Johnson Controls,2026-07-27,146.66,4.19,1.37,23.7,13.24,1.0,18,44,14,25.0,,,True
ROK,Industrials,Rockwell Automation,2026-07-27,480.08,1.78,18.19,14.61,12.3,1.0,32,12,26,24.8,,,True
CTAS,Industrials,Cintas,2026-07-27,204.63,12.82,20.98,7.46,12.18,1.0,1,10,43,12.1,,,True
RTX,Industrials,RTX Corporation,2026-07-27,215.22,8.02,24.21,7.92,12.01,1.0,9,8,42,15.3,,,True
ODFL,Industrials,Old Dominion,2026-07-27,212.14,-2.53,3.21,22.81,11.57,0.667,47,40,16,38.7,,,False
IEX,Industrials,IDEX Corporation,2026-07-27,230.45,3.3,7.96,16.86,11.24,1.0,24,31,22,25.7,,,False
NSC,Industrials,Norfolk Southern,2026-07-27,335.48,3.96,6.66,16.2,10.75,1.0,20,36,24,25.6,,,False
PCAR,Industrials,Paccar,2026-07-27,132.68,11.03,14.66,8.57,10.7,1.0,4,16,40,14.8,,,True
ITW,Industrials,Illinois Tool Works,2026-07-27,286.95,5.2,13.0,11.2,10.15,1.0,16,20,31,20.2,,,False
ETN,Industrials,Eaton Corporation,2026-07-27,415.2,4.19,-2.16,18.85,9.93,0.667,18,52,18,28.2,,,False
AXON,Industrials,Axon Enterprise,2026-07-27,527.76,-11.6,31.18,9.14,9.46,0.667,70,1,36,42.5,,,True
SNA,Industrials,Snap-on,2026-07-27,410.41,-0.41,8.63,13.58,8.85,0.667,38,30,27,33.4,,,False
GD,Industrials,General Dynamics,2026-07-27,383.42,2.64,11.35,10.2,8.6,1.0,30,22,34,28.4,,,False
FDX,Industrials,FedEx,2026-07-27,307.4,-1.79,-2.73,19.31,8.52,0.333,46,53,17,42.3,,,False
FAST,Industrials,Fastenal,2026-07-27,47.71,-1.29,6.82,11.23,6.99,0.667,42,35,30,37.5,,,False
NDSN,Industrials,Nordson Corporation,2026-07-27,297.78,2.55,5.45,9.11,6.55,1.0,31,37,38,34.2,,,False
CAT,Industrials,Caterpillar Inc.,2026-07-27,814.81,-15.28,-8.24,24.42,6.33,0.333,74,64,13,58.8,,,True
EXPD,Industrials,Expeditors International,2026-07-27,167.89,0.19,14.62,5.12,6.26,1.0,36,17,44,31.9,,,False
AME,Industrials,Ametek,2026-07-27,241.71,3.02,5.03,8.25,6.14,1.0,26,38,41,32.6,,,False
DE,Industrials,Deere & Company,2026-07-27,592.67,-4.6,2.94,12.87,6.02,0.667,56,41,28,45.9,,,False
EMR,Industrials,Emerson Electric,2026-07-27,149.82,7.75,9.44,2.75,5.67,1.0,10,28,49,23.2,,,True
PH,Industrials,Parker Hannifin,2026-07-27,976.53,1.42,10.94,4.78,5.48,1.0,34,23,45,32.9,,,False
HON,Industrials,Honeywell Technologies,2026-07-27,243.05,5.74,9.66,2.93,5.31,1.0,14,26,47,24.2,,,True
ALLE,Industrials,Allegion,2026-07-27,157.4,11.96,16.65,-4.08,5.12,0.667,3,14,57,17.1,,,True
FTV,Industrials,Fortive,2026-07-27,59.21,-5.49,0.4,12.35,4.9,0.667,60,46,29,49.6,,,False
VRT,Industrials,Vertiv,2026-07-27,241.57,-19.62,-26.4,29.81,3.4,0.333,75,78,9,62.7,,,True
CMI,Industrials,Cummins,2026-07-27,634.2,-4.16,-3.23,10.28,3.29,0.333,52,54,33,48.8,,,False
EME,Industrials,Emcor,2026-07-27,797.43,2.99,-11.69,10.75,3.2,0.667,27,70,32,40.9,,,False
J,Industrials,Jacobs Solutions,2026-07-27,134.93,5.5,4.99,0.33,2.79,1.0,15,39,52,29.6,,,True
LMT,Industrials,Lockheed Martin,2026-07-27,582.74,6.75,14.39,-7.03,1.77,0.667,12,18,60,23.4,,,True
TT,Industrials,Trane Technologies,2026-07-27,454.95,-4.85,-6.27,8.68,1.56,0.333,57,58,39,53.7,,,False
MAS,Industrials,Masco,2026-07-27,71.48,-13.64,0.82,9.14,1.36,0.667,72,45,36,56.7,,,False
IR,Industrials,Ingersoll Rand,2026-07-27,83.38,3.46,6.94,-3.1,1.05,0.667,22,34,55,32.2,,,False
WM,Industrials,Waste Management,2026-07-27,226.55,-1.67,-0.54,2.79,0.84,0.333,44,50,48,46.6,,,False
VLTO,Industrials,Veralto,2026-07-27,94.17,1.75,7.62,-4.58,0.06,0.667,33,33,59,38.2,,,False
LUV,Industrials,Southwest Airlines,2026-07-27,44.97,-10.51,16.53,-4.54,-0.77,0.333,67,15,58,49.6,,,True
RSG,Industrials,Republic Services,2026-07-27,210.55,-3.12,2.23,-1.55,-1.0,0.333,50,42,53,48.2,,,False
UPS,Industrials,United Parcel Service,2026-07-27,104.22,-5.82,-1.48,1.16,-1.24,0.333,62,51,51,56.5,,,False
VRSK,Industrials,Verisk Analytics,2026-07-27,194.85,3.45,7.88,-9.93,-2.13,0.667,23,32,62,33.5,,,False
DOV,Industrials,Dover Corporation,2026-07-27,204.62,-4.25,-9.15,2.04,-2.33,0.333,53,66,50,56.3,,,False
CARR,Industrials,Carrier Global,2026-07-27,61.81,-11.47,-7.94,4.49,-2.61,0.333,69,63,46,62.6,,,False
GNRC,Industrials,Generac,2026-07-27,197.11,-21.99,-24.0,17.3,-2.85,0.333,77,77,21,65.8,,,False
HUBB,Industrials,Hubbell Incorporated,2026-07-27,472.55,-2.99,-6.78,-2.6,-3.74,0.0,49,60,54,53.3,,,False
TDG,Industrials,TransDigm Group,2026-07-27,1254.38,-6.98,8.66,-12.13,-5.65,0.333,63,29,64,53.0,,,False
TXT,Industrials,Textron,2026-07-27,85.26,-7.83,-9.97,-3.14,-6.02,0.0,64,67,56,63.3,,,False
BA,Industrials,Boeing,2026-07-27,216.14,-4.57,-4.94,-7.52,-6.14,0.0,55,56,61,56.5,,,False
EFX,Industrials,Equifax,2026-07-27,172.62,0.32,-0.37,-13.76,-6.89,0.333,35,49,65,45.2,,,False
XYL,Industrials,Xylem Inc.,2026-07-27,116.97,-0.97,1.78,-14.54,-7.07,0.333,40,43,66,46.1,,,False
BR,Industrials,Broadridge Financial Solutions,2026-07-27,153.95,6.95,-0.17,-20.93,-8.77,0.333,11,48,71,34.1,,,True
UBER,Industrials,Uber,2026-07-27,70.36,-5.47,-6.34,-12.1,-9.0,0.0,59,59,63,59.8,,,False
OTIS,Industrials,Otis Worldwide,2026-07-27,71.95,-1.63,-6.09,-14.87,-9.36,0.0,43,57,67,52.0,,,False
AOS,Industrials,A. O. Smith,2026-07-27,60.13,-3.55,0.24,-17.22,-9.44,0.333,51,47,69,53.4,,,False
HII,Industrials,Huntington Ingalls Industries,2026-07-27,326.45,11.99,-9.08,-21.79,-10.17,0.333,2,65,73,35.1,,,True
NOC,Industrials,Northrop Grumman,2026-07-27,542.48,-1.19,-4.1,-21.04,-11.84,0.0,41,55,72,51.4,,,False
LHX,Industrials,L3Harris,2026-07-27,277.06,-8.28,-11.23,-18.58,-14.17,0.0,65,69,70,67.2,,,False
CPRT,Industrials,Copart,2026-07-27,29.12,-2.97,-12.47,-28.24,-17.98,0.0,48,72,75,60.6,,,False
LII,Industrials,Lennox International,2026-07-27,415.88,-27.04,-20.8,-15.55,-19.73,0.0,79,75,68,75.6,,,False
CHRW,Industrials,C.H. Robinson,2026-07-27,147.73,-22.19,-16.39,-23.7,-21.5,0.0,78,73,74,75.7,,,False
LDOS,Industrials,Leidos,2026-07-27,115.6,6.21,-22.26,-38.23,-23.13,0.333,13,76,77,44.7,,,True
PNR,Industrials,Pentair,2026-07-27,65.44,-14.33,-16.91,-37.43,-26.53,0.0,73,74,76,73.9,,,False
BLDR,Industrials,Builders FirstSource,2026-07-27,66.44,-21.55,-12.26,-41.92,-29.41,0.0,76,71,79,75.1,,,False
ROL,Industrials,"Rollins, Inc.",2026-07-27,37.97,-12.47,-30.45,-39.67,-30.56,0.0,71,79,78,74.8,,,False
DELL,Information Technology,Dell Technologies,2026-07-27,405.37,2.97,93.2,255.9,151.99,1.0,30,1,1,15.5,,,True
HPE,Information Technology,Hewlett Packard Enterprise,2026-07-27,47.9,16.18,68.15,124.67,83.42,1.0,6,5,3,5.1,,,True
DDOG,Information Technology,Datadog,2026-07-27,267.97,2.92,90.69,107.21,77.01,1.0,31,2,7,17.5,,,True
FTNT,Information Technology,Fortinet,2026-07-27,161.95,3.65,87.68,99.3,72.48,1.0,26,3,9,15.7,,,True
MRVL,Information Technology,Marvell Technology,2026-07-27,187.56,-23.52,13.74,137.84,66.47,0.667,70,22,2,42.0,,,True
WDC,Information Technology,Western Digital,2026-07-27,544.84,1.08,26.29,117.9,65.79,1.0,35,15,4,22.8,,,True
PANW,Information Technology,Palo Alto Networks,2026-07-27,331.83,-4.66,83.25,87.51,63.4,0.667,46,4,12,26.6,,,True
NTAP,Information Technology,NetApp,2026-07-27,178.5,16.13,59.74,86.78,62.36,1.0,7,7,13,8.2,,,True
STX,Information Technology,Seagate Technology,2026-07-27,856.13,4.39,17.86,110.51,60.82,1.0,23,20,6,18.7,,,True
MU,Information Technology,Micron Technology,2026-07-27,823.03,-15.62,51.82,98.49,58.29,0.667,61,8,10,34.9,,,True
AMD,Information Technology,Advanced Micro Devices,2026-07-27,476.15,-8.05,32.07,101.14,56.57,0.667,54,11,8,31.9,,,True
CRWD,Information Technology,CrowdStrike,2026-07-27,190.86,-1.61,67.55,72.96,52.96,0.667,41,6,16,25.5,,,True
SNDK,Information Technology,Sandisk,2026-07-27,1214.83,-30.38,2.34,110.82,48.4,0.667,74,38,5,49.4,,,True
FLEX,Information Technology,Flex Ltd.,2026-07-27,113.75,-16.89,24.05,80.44,42.01,0.667,66,18,15,41.4,,,True
INTC,Information Technology,Intel,2026-07-27,90.2,-25.05,-9.46,94.1,38.42,0.333,72,57,11,55.3,,,True
HPQ,Information Technology,HP Inc.,2026-07-27,27.27,24.35,32.51,44.29,36.36,1.0,2,10,23,8.6,,,True
LITE,Information Technology,Lumentum,2026-07-27,713.94,-1.97,-24.84,82.2,34.4,0.333,42,73,14,45.7,,,True
AMAT,Information Technology,Applied Materials,2026-07-27,507.67,-15.81,30.64,57.9,32.66,0.667,62,12,17,38.0,,,True
CSCO,Information Technology,Cisco,2026-07-27,115.99,3.31,26.75,49.46,32.25,1.0,27,14,20,21.7,,,True
FFIV,Information Technology,"F5, Inc.",2026-07-27,402.57,-1.36,24.56,46.07,28.83,0.667,40,17,22,29.5,,,False
TER,Information Technology,Teradyne,2026-07-27,367.69,-0.38,6.49,52.66,27.86,0.667,38,31,18,31.9,,,False
ZBRA,Information Technology,Zebra Technologies,2026-07-27,293.82,9.97,29.39,25.04,22.36,1.0,18,13,33,19.5,,,True
KEYS,Information Technology,Keysight Technologies,2026-07-27,319.08,1.66,-9.46,47.5,21.8,0.667,34,57,21,38.3,,,False
GEN,Information Technology,Gen Digital,2026-07-27,27.45,2.92,42.47,15.65,19.17,1.0,31,9,41,26.4,,,True
ANET,Information Technology,Arista Networks,2026-07-27,180.35,12.73,4.43,27.24,17.91,1.0,12,35,31,22.7,,,True
CIEN,Information Technology,Ciena,2026-07-27,377.05,-10.75,-29.56,49.74,14.79,0.333,57,74,19,54.5,,,False
VRSN,Information Technology,Verisign,2026-07-27,290.02,13.1,6.74,19.51,14.71,1.0,10,30,35,21.0,,,True
Q,Information Technology,Qnity Electronics,2026-07-27,131.18,-7.46,-8.43,36.55,14.3,0.333,52,56,24,47.6,,,False
CDW,Information Technology,CDW Corporation,2026-07-27,147.81,10.83,9.3,18.23,14.15,1.0,13,28,39,22.7,,,True
MPWR,Information Technology,Monolithic Power Systems,2026-07-27,1426.03,10.7,-9.81,27.3,13.88,0.667,16,60,30,32.0,,,False
TXN,Information Technology,Texas Instruments,2026-07-27,275.74,-5.43,-0.88,29.23,13.04,0.333,48,47,28,43.7,,,False
JBL,Information Technology,Jabil,2026-07-27,315.05,-7.69,-7.99,32.9,12.53,0.333,53,55,27,48.4,,,False
AKAM,Information Technology,Akamai Technologies,2026-07-27,115.18,1.78,10.89,18.56,12.45,1.0,33,25,38,31.6,,,False
LRCX,Information Technology,Lam Research,2026-07-27,293.02,-16.62,14.22,25.75,12.28,0.667,65,21,32,45.2,,,False
AAPL,Information Technology,Apple Inc.,2026-07-27,308.91,0.09,10.37,19.27,12.25,1.0,37,26,36,33.5,,,False
MSFT,Information Technology,Microsoft,2026-07-27,464.72,19.01,12.37,8.48,12.09,1.0,4,24,46,18.4,,,True
ON,Information Technology,ON Semiconductor,2026-07-27,81.61,-10.53,-20.79,36.27,10.3,0.333,56,70,25,54.0,,,False
KLAC,Information Technology,KLA Corporation,2026-07-27,182.82,-22.39,6.04,28.36,10.09,0.667,68,33,29,49.7,,,False
AVGO,Information Technology,Broadcom,2026-07-27,389.28,8.0,-7.45,17.93,9.1,0.667,19,53,40,33.4,,,False
APH,Information Technology,Amphenol,2026-07-27,160.7,-2.36,13.1,11.92,8.65,0.667,43,23,44,37.2,,,False
ROP,Information Technology,Roper Technologies,2026-07-27,391.97,7.89,9.7,6.12,7.46,1.0,20,27,47,27.5,,,False
ADI,Information Technology,Analog Devices,2026-07-27,367.41,-2.59,-7.36,18.88,6.95,0.333,44,52,37,45.0,,,False
WDAY,Information Technology,"Workday, Inc.",2026-07-27,160.34,18.42,26.29,-8.71,6.82,0.667,5,15,58,18.6,,,True
GLW,Information Technology,Corning Inc.,2026-07-27,138.25,-29.75,-12.51,34.35,6.61,0.333,73,61,26,60.0,,,False
MSI,Information Technology,Motorola Solutions,2026-07-27,435.75,3.1,0.27,8.86,5.27,1.0,28,42,45,35.6,,,False
CDNS,Information Technology,Cadence Design Systems,2026-07-27,340.02,-8.88,-0.27,14.73,5.08,0.333,55,44,42,49.1,,,False
SWKS,Information Technology,Skyworks Solutions,2026-07-27,62.28,-0.45,-9.48,14.02,4.53,0.333,39,59,43,45.8,,,False
NOW,Information Technology,ServiceNow,2026-07-27,111.23,4.62,22.02,-4.94,4.19,0.667,22,19,54,27.5,,,False
NVDA,Information Technology,Nvidia,2026-07-27,200.75,3.04,1.28,5.16,3.66,1.0,29,39,49,36.0,,,False
TDY,Information Technology,Teledyne Technologies,2026-07-27,655.57,0.54,2.38,5.69,3.57,1.0,36,37,48,38.7,,,False
COHR,Information Technology,Coherent Corp.,2026-07-27,262.89,-21.14,-20.22,23.9,1.61,0.333,67,66,34,60.1,,,False
SMCI,Information Technology,Supermicro,2026-07-27,28.4,4.34,4.84,-2.44,1.07,0.667,24,34,53,32.8,,,False
ADSK,Information Technology,Autodesk,2026-07-27,234.2,12.88,-4.15,-7.38,-1.51,0.333,11,49,57,31.6,,,True
TEL,Information Technology,TE Connectivity,2026-07-27,205.69,4.18,-0.46,-7.03,-2.58,0.333,25,46,56,37.5,,,False
PTC,Information Technology,PTC Inc.,2026-07-27,137.2,10.16,0.49,-12.12,-3.4,0.667,17,40,59,32.3,,,False
CRM,Information Technology,Salesforce,2026-07-27,184.02,10.78,0.37,-12.88,-3.65,0.667,14,41,60,31.3,,,True
ADBE,Information Technology,Adobe Inc.,2026-07-27,250.41,13.97,-0.12,-14.61,-3.84,0.333,9,43,61,29.6,,,True
FSLR,Information Technology,First Solar,2026-07-27,211.03,-6.03,-0.32,-6.43,-4.8,0.0,49,45,55,49.0,,,False
CTSH,Information Technology,Cognizant,2026-07-27,55.35,31.82,6.31,-31.73,-6.33,0.667,1,32,72,24.5,,,True
NXPI,Information Technology,NXP Semiconductors,2026-07-27,229.16,-16.17,-22.12,2.21,-8.47,0.333,63,71,50,62.8,,,False
MCHP,Information Technology,Microchip Technology,2026-07-27,74.29,-12.23,-20.53,-1.08,-8.73,0.0,60,69,51,60.9,,,False
QCOM,Information Technology,Qualcomm,2026-07-27,147.61,-16.25,-16.3,-1.64,-8.96,0.0,64,64,52,61.6,,,False
IT,Information Technology,Gartner,2026-07-27,151.02,10.78,3.16,-27.95,-10.49,0.667,14,36,71,32.0,,,True
TYL,Information Technology,Tyler Technologies,2026-07-27,309.6,-2.67,-7.72,-16.19,-10.69,0.0,45,54,63,51.3,,,False
TRMB,Information Technology,Trimble Inc.,2026-07-27,56.58,6.67,-17.3,-16.3,-10.81,0.333,21,65,64,42.8,,,False
GDDY,Information Technology,GoDaddy,2026-07-27,82.74,-6.52,-4.63,-17.69,-11.63,0.0,50,50,67,53.4,,,False
FICO,Information Technology,Fair Isaac,2026-07-27,1122.97,-11.63,8.45,-23.25,-12.42,0.333,59,29,69,52.0,,,False
PLTR,Information Technology,Palantir Technologies,2026-07-27,123.06,-4.83,-14.58,-16.05,-12.88,0.0,47,63,62,54.8,,,False
ACN,Information Technology,Accenture,2026-07-27,165.92,22.25,-6.63,-35.77,-13.98,0.333,3,51,73,31.4,,,True
SNPS,Information Technology,Synopsys,2026-07-27,388.76,-11.07,-20.5,-16.42,-16.1,0.0,58,68,66,62.6,,,False
APP,Information Technology,AppLovin,2026-07-27,395.9,-24.89,-13.93,-16.32,-17.86,0.0,71,62,65,67.1,,,False
ORCL,Information Technology,Oracle Corporation,2026-07-27,129.87,-7.09,-24.16,-20.54,-18.08,0.0,51,72,68,60.7,,,False
INTU,Information Technology,Intuit,2026-07-27,316.07,15.3,-20.44,-36.17,-19.37,0.333,8,67,74,38.9,,,True
IBM,Information Technology,IBM,2026-07-27,223.65,-22.75,-2.97,-26.12,-19.49,0.0,69,48,70,62.9,,,False
NUE,Materials,Nucor,2026-07-27,257.29,16.55,14.1,45.62,30.48,1.0,1,4,1,1.9,,,True
STLD,Materials,Steel Dynamics,2026-07-27,251.26,14.01,9.84,40.67,26.3,1.0,3,8,2,4.3,,,True
CF,Materials,CF Industries,2026-07-27,125.19,13.25,2.45,35.55,21.7,1.0,4,14,3,6.8,,,True
LYB,Materials,LyondellBasell,2026-07-27,62.08,16.34,-16.35,29.57,14.78,0.667,2,23,4,8.7,,,True
SW,Materials,Smurfit Westrock,2026-07-27,45.97,0.09,17.92,12.67,10.84,1.0,12,3,7,8.3,,,True
IP,Materials,International Paper,2026-07-27,40.83,5.26,30.48,3.8,10.83,1.0,6,1,16,6.5,,,True
PKG,Materials,Packaging Corporation of America,2026-07-27,245.84,3.21,13.49,11.85,10.1,1.0,8,5,9,7.3,,,True
BALL,Materials,Ball Corporation,2026-07-27,64.9,2.38,6.21,14.88,9.59,1.0,10,11,5,9.3,,,True
IFF,Materials,International Flavors & Fragrances,2026-07-27,79.22,-5.5,12.47,14.75,9.12,0.667,18,6,6,12.0,,,True
AMCR,Materials,Amcor,2026-07-27,44.88,-0.27,20.87,4.47,7.38,0.667,13,2,14,9.9,,,True
FCX,Materials,Freeport-McMoRan,2026-07-27,62.63,2.97,11.02,4.47,5.73,1.0,9,7,14,9.4,,,True
APD,Materials,Air Products,2026-07-27,294.89,-6.14,-1.44,9.57,2.89,0.333,19,16,10,16.3,,,True
DOW,Materials,Dow Inc.,2026-07-27,30.29,9.31,-24.06,12.38,2.5,0.667,5,25,8,11.6,,,True
DD,Materials,DuPont,2026-07-27,137.0,-2.08,-0.85,4.81,1.67,0.333,15,15,13,14.6,,,True
CTVA,Materials,Corteva,2026-07-27,78.71,-8.26,-2.42,8.61,1.63,0.333,20,17,11,17.3,,,True
ECL,Materials,Ecolab,2026-07-27,277.63,-2.02,7.27,-1.01,0.81,0.333,14,10,17,13.4,,,True
SHW,Materials,Sherwin-Williams,2026-07-27,340.85,-3.3,7.46,-3.43,-0.67,0.333,16,9,19,14.5,,,True
LIN,Materials,Linde plc,2026-07-27,478.38,-12.49,-5.52,5.37,-1.82,0.333,25,19,12,20.6,,,True
AVY,Materials,Avery Dennison,2026-07-27,169.73,1.65,4.78,-7.46,-2.12,0.667,11,12,20,13.1,,,True
PPG,Materials,PPG Industries,2026-07-27,110.52,-11.82,3.47,-3.24,-3.71,0.333,23,13,18,19.0,,,True
MOS,Materials,Mosaic Company (The),2026-07-27,22.12,4.69,-3.48,-18.06,-8.73,0.333,7,18,23,13.5,,,True
VMC,Materials,Vulcan Materials Company,2026-07-27,268.57,-11.42,-9.49,-10.29,-10.37,0.0,21,20,21,20.7,,,False
NEM,Materials,Newmont,2026-07-27,93.71,-3.43,-13.53,-16.23,-12.35,0.0,17,21,22,19.2,,,False
MLM,Materials,Martin Marietta Materials,2026-07-27,525.14,-12.39,-14.42,-19.24,-16.32,0.0,24,22,24,23.4,,,False
CRH,Materials,CRH plc,2026-07-27,95.01,-11.64,-17.41,-21.83,-18.18,0.0,22,24,25,23.2,,,False
ALB,Materials,Albemarle Corporation,2026-07-27,117.64,-13.22,-39.17,-30.71,-28.45,0.0,26,26,26,26.0,,,False
HST,Real Estate,Host Hotels & Resorts,2026-07-27,25.13,7.62,23.49,42.32,28.94,1.0,2,3,1,2.1,,,True
DOC,Real Estate,Healthpeak Properties,2026-07-27,21.83,0.18,34.93,30.86,24.21,1.0,15,1,3,8.4,,,True
IRM,Real Estate,Iron Mountain,2026-07-27,122.32,4.4,-3.17,34.77,17.69,0.667,5,24,2,10.1,,,True
SPG,Real Estate,Simon Property Group,2026-07-27,229.37,1.46,14.55,22.61,15.31,1.0,10,5,8,8.1,,,True
FRT,Real Estate,Federal Realty Investment Trust,2026-07-27,124.09,1.97,8.6,25.13,15.21,1.0,8,8,6,7.6,,,True
WELL,Real Estate,Welltower,2026-07-27,234.44,-0.69,8.45,25.33,14.61,0.667,17,10,5,12.5,,,True
KIM,Real Estate,Kimco Realty,2026-07-27,25.48,0.63,10.18,23.56,14.48,1.0,13,6,7,9.7,,,True
VTR,Real Estate,Ventas,2026-07-27,93.51,1.07,6.86,21.88,12.92,1.0,12,12,9,11.4,,,True
EQIX,Real Estate,Equinix,2026-07-27,1019.28,1.72,-5.6,25.46,11.76,0.667,9,27,4,13.4,,,True
PSA,Real Estate,Public Storage,2026-07-27,324.17,-1.66,8.5,19.67,11.54,0.667,20,9,10,14.7,,,True
BXP,Real Estate,"BXP, Inc.",2026-07-27,70.12,1.15,19.35,11.07,10.66,1.0,11,4,16,9.9,,,True
ESS,Real Estate,Essex Property Trust,2026-07-27,284.14,-4.76,8.85,15.04,8.54,0.667,27,7,12,18.0,,,True
DLR,Real Estate,Digital Realty,2026-07-27,188.52,8.78,-5.44,15.14,8.4,0.667,1,26,11,10.5,,,True
PLD,Real Estate,Prologis,2026-07-27,144.61,3.72,3.01,12.46,7.91,1.0,6,21,14,12.1,,,True
INVH,Real Estate,Invitation Homes,2026-07-27,29.72,-2.65,5.24,13.69,7.49,0.667,23,14,13,18.3,,,True
REG,Real Estate,Regency Centers,2026-07-27,80.29,-0.83,3.05,12.31,6.71,0.667,18,19,15,17.7,,,True
EXR,Real Estate,Extra Space Storage,2026-07-27,148.04,-0.87,5.37,9.72,5.99,0.667,19,13,17,16.8,,,True
ARE,Real Estate,Alexandria Real Estate Equities,2026-07-27,51.45,-2.15,25.94,-3.1,4.4,0.333,22,2,28,17.2,,,True
EQR,Real Estate,Equity Residential,2026-07-27,66.45,-4.84,3.02,9.04,4.07,0.667,28,20,18,23.6,,,False
O,Real Estate,Realty Income,2026-07-27,63.87,0.47,1.4,7.15,4.04,1.0,14,23,19,17.7,,,True
AVB,Real Estate,AvalonBay Communities,2026-07-27,185.61,-4.31,2.12,6.62,2.76,0.667,26,22,20,23.6,,,False
CPT,Real Estate,Camden Property Trust,2026-07-27,110.81,-5.49,7.06,3.67,2.23,0.667,29,11,22,22.2,,,True
WY,Real Estate,Weyerhaeuser,2026-07-27,25.03,5.21,5.23,-1.23,2.0,0.667,3,16,25,11.3,,,True
UDR,Real Estate,"UDR, Inc.",2026-07-27,38.16,-6.8,5.24,4.38,1.8,0.667,31,14,21,23.9,,,True
MAA,Real Estate,Mid-America Apartment Communities,2026-07-27,132.34,-5.85,4.13,0.9,0.02,0.667,30,17,23,24.7,,,False
AMT,Real Estate,American Tower,2026-07-27,173.36,4.41,-3.63,-1.4,-0.51,0.333,4,25,26,14.7,,,True
VICI,Real Estate,Vici Properties,2026-07-27,26.35,-3.09,-6.25,-3.03,-3.85,0.0,24,28,27,25.8,,,False
SBAC,Real Estate,SBA Communications,2026-07-27,180.98,-1.94,-16.7,-0.43,-4.88,0.0,21,30,24,24.3,,,False
CBRE,Real Estate,CBRE Group,2026-07-27,146.81,3.69,3.53,-13.81,-5.1,0.667,7,18,30,14.9,,,True
CCI,Real Estate,Crown Castle,2026-07-27,76.3,-0.39,-13.52,-9.97,-8.46,0.0,16,29,29,22.5,,,False
CSGP,Real Estate,CoStar Group,2026-07-27,28.76,-4.13,-17.17,-53.24,-31.94,0.0,25,31,31,28.0,,,False
EIX,Utilities,Edison International,2026-07-27,73.37,-1.88,6.24,20.64,11.41,0.667,8,2,1,4.8,,,True
D,Utilities,Dominion Energy,2026-07-27,69.17,-0.83,9.26,17.35,10.78,0.667,5,1,2,3.2,,,True
PCG,Utilities,PG&E Corporation,2026-07-27,17.38,1.94,5.96,13.36,8.66,1.0,2,4,4,3.0,,,True
EVRG,Utilities,Evergy,2026-07-27,83.01,-5.81,1.33,10.01,3.88,0.667,22,8,5,14.4,,,True
AWK,Utilities,American Water Works,2026-07-27,134.17,-1.97,6.08,5.36,3.71,0.667,10,3,14,8.7,,,True
ETR,Utilities,Entergy,2026-07-27,107.62,-6.51,-7.57,13.59,3.28,0.333,25,27,3,21.2,,,True
FE,Utilities,FirstEnergy,2026-07-27,48.31,-0.45,4.02,4.09,2.94,0.667,4,6,19,7.6,,,True
AES,Utilities,AES Corporation,2026-07-27,14.68,1.89,4.03,2.66,2.81,1.0,3,5,22,7.4,,,True
PNW,Utilities,Pinnacle West Capital,2026-07-27,100.99,-7.66,-1.6,9.97,2.67,0.333,27,12,6,18.3,,,True
SO,Utilities,Southern Company,2026-07-27,94.54,-3.51,-1.43,7.57,2.55,0.333,13,11,10,11.8,,,True
ES,Utilities,Eversource Energy,2026-07-27,71.59,-3.83,1.93,5.9,2.47,0.667,14,7,13,11.7,,,True
AEE,Utilities,Ameren,2026-07-27,109.61,-4.7,-2.8,7.6,1.93,0.333,19,15,9,15.8,,,True
CNP,Utilities,CenterPoint Energy,2026-07-27,42.04,-5.76,-2.49,7.09,1.48,0.333,21,14,12,17.1,,,True
LNT,Utilities,Alliant Energy,2026-07-27,70.78,-8.6,-3.7,9.02,1.43,0.333,31,17,7,22.0,,,True
DUK,Utilities,Duke Energy,2026-07-27,125.43,-3.22,-1.62,5.14,1.36,0.333,12,13,15,12.9,,,True
EXC,Utilities,Exelon,2026-07-27,45.82,-4.3,-0.54,4.17,0.88,0.333,15,9,18,13.8,,,True
AEP,Utilities,American Electric Power,2026-07-27,127.85,-7.7,-5.94,8.36,0.77,0.333,28,24,8,22.8,,,True
DTE,Utilities,DTE Energy,2026-07-27,141.87,-7.91,-3.89,7.25,0.67,0.333,29,18,11,22.1,,,True
ED,Utilities,Consolidated Edison,2026-07-27,108.85,-4.51,-0.66,3.75,0.58,0.333,16,10,20,15.0,,,True
ATO,Utilities,Atmos Energy,2026-07-27,172.78,-2.31,-7.84,5.04,-0.02,0.333,11,28,16,17.1,,,True
XEL,Utilities,Xcel Energy,2026-07-27,78.2,-4.59,-4.59,4.35,-0.12,0.333,18,21,17,18.7,,,False
SRE,Utilities,Sempra,2026-07-27,88.55,-4.85,-5.8,3.21,-1.05,0.333,20,23,21,21.1,,,False
CMS,Utilities,CMS Energy,2026-07-27,71.99,-7.38,-4.58,2.24,-1.87,0.333,26,20,24,23.8,,,False
NI,Utilities,NiSource,2026-07-27,44.43,-6.47,-6.97,2.32,-2.2,0.333,24,26,23,24.4,,,False
NEE,Utilities,NextEra Energy,2026-07-27,86.92,-1.61,-9.69,0.29,-2.68,0.333,6,29,26,16.9,,,True
WEC,Utilities,WEC Energy Group,2026-07-27,109.42,-7.92,-6.05,0.56,-3.21,0.333,30,25,25,27.5,,,False
PPL,Utilities,PPL Corporation,2026-07-27,35.21,-4.55,-5.6,-1.35,-3.22,0.0,17,22,27,20.5,,,False
CEG,Utilities,Constellation Energy,2026-07-27,262.75,9.82,-14.51,-6.12,-4.23,0.333,1,31,29,15.6,,,True
VST,Utilities,Vistra Corp.,2026-07-27,148.19,-1.89,-4.43,-6.16,-4.66,0.0,9,19,30,16.2,,,True
PEG,Utilities,Public Service Enterprise Group,2026-07-27,76.68,-6.05,-3.5,-5.33,-5.05,0.0,23,16,28,21.9,,,False
NRG,Utilities,NRG Energy,2026-07-27,134.29,-1.76,-12.44,-11.47,-9.29,0.0,7,30,31,18.7,,,True
