symbol,market_cap_usd
NVDA,5367153793167
AAPL,4905541794660
GOOGL,4274851525331
GOOG,4212111899932
MSFT,3666585843481
AMZN,2736595688769
AVGO,1707097706096
META,1696002269293
TSLA,1438701585821
MU,1147237548999
BRK-B,1091269608168
LLY,1028115467115
JPM,929488002499
AMD,913892189969
WMT,846768762934
V,691411184378
XOM,672462054331
JNJ,650648498669
INTC,574071023387
MA,495155849930
ABBV,466448263448
ORCL,446333672805
CSCO,431752696884
PLTR,426879306920
CVX,410975491160
BAC,403691359910
COST,397051006926
KO,379699970694
CAT,371872383963
MRK,362353486426
DELL,361179789212
LRCX,360518074980
AMAT,352809621046
PG,340273754234
UNH,338303492355
GE,326074759561
MS,318165322309
HD,299286944968
NFLX,298929233152
PANW,297408429016
PM,293985659253
GS,274283466336
SNDK,262356486507
RTX,261465079936
WFC,260426831121
ANET,251475581794
GEV,250441460773
TXN,243508376372
CRWD,243338108951
TMO,240871873978
KLAC,231245722300
C,221035852062
MRVL,219508601725
IBM,216266952099
LIN,212235264231
AXP,210399529920
AMGN,208494729428
VZ,199803140098
CRM,195808158493
STX,195282841496
APH,191235741706
QCOM,189815711053
GILD,186129669073
DE,184421082920
ADI,182060937101
SCHW,182012583898
TMUS,180401904017
ABT,177554631058
DIS,177278941066
PEP,177094679650
MCD,175664937542
T,174050592896
NEE,167828665704
UNP,165966868975
BLK,165676040430
ETN,164938186734
WELL,164917312639
COP,160607701173
WDC,159128345762
PFE,157652970602
BA,156651335551
DHR,148899474381
UBER,144000488530
ISRG,140921495875
TJX,140562591349
NOW,140057286402
CB,131418869621
BKNG,130102084674
NEM,130036167022
GLW,129057430864
VRTX,128844325177
BMY,128813589012
PLD,128142948400
FTNT,124613924138
COF,124190800506
PGR,124053225517
MPC,124040961121
LMT,123099172962
SPGI,119488338159
VLO,118994660730
PH,118930826130
MDT,117846970292
MO,116080592130
CVS,113623722898
ACN,110938980832
SBUX,109246202087
PSX,108984584735
LOW,107997291199
ADP,107745600014
HOOD,107728037676
SYK,105528614542
BNY,104347147442
APP,103489528019
FCX,102732694910
MCK,101975763844
EQIX,100777342429
CME,99247475892
ADBE,98945699272
SO,98379036990
ABNB,98000932781
VRT,96012200229
PWR,95725145060
GD,95520214392
TT,94414142259
BX,93798113558
USB,93576571986
PNC,93034829269
HCA,92599854715
DUK,91638397791
HWM,91592716578
CEG,90245634883
ELV,89122437372
KKR,88695371543
MAR,88378913830
WMB,88129220090
MNST,87589202574
ICE,87280001579
CSX,87251565764
JCI,86790637082
MMM,85553191441
WM,84379877782
UPS,84278421435
EMR,83625374978
DASH,83600505022
MRSH,83516741391
LITE,83502624591
DDOG,82558528860
MCO,81150876658
AMT,81067727160
INTU,81023283492
REGN,80804219818
CMCSA,80695994857
HPE,80656757743
CTAS,79089511791
TRV,78136373723
MDLZ,78110086302
CDNS,77908678019
SHW,77859824437
EOG,76821010606
ITW,76730819824
MSI,75907037964
SLB,75869400383
ECL,75537342968
NOC,74922621363
APO,74355291312
GM,74345913910
SNPS,73774359844
CMI,73269167227
CI,72740120663
ROST,72391269452
FDX,71864976143
TGT,71864367324
KMI,70901378853
NSC,70562967284
CL,69728708325
WBD,69698398402
HLT,68809097406
ORLY,68527067949
DLR,67566286349
RSG,66775866355
SPG,66433241989
RCL,65742396115
HON,65435436592
AEP,65327682240
APD,63282772284
ALL,63171502111
URI,63108280350
BSX,62809607877
AON,62712766415
TRGP,62654600549
COHR,62149318721
MET,61666681577
MRNA,61498293661
AJG,61388541584
PCAR,61089915160
TDG,60033072675
MPWR,59846347799
GWW,59800607964
TEL,59559612311
TFC,59322169366
COR,58923611775
OKE,58918043535
OXY,58818663062
AFL,58321266774
FIX,58118858908
TER,58075898593
NXPI,57490911415
CRH,57314261637
KEYS,57031989575
BKR,56830590564
NUE,56351381512
FAST,56238854126
D,55920261447
PSA,55366203075
AME,54481641884
FANG,53881407863
CTVA,53729293065
O,53612713605
DVN,53471000671
SRE,53168635699
GRMN,52853165545
F,52676138913
NKE,52586296056
CAH,52417918712
DAL,52359947454
NDAQ,52286743888
HONA,51853467744
COIN,51250322292
EW,50820109230
STT,50234710424
EBAY,49768798370
CIEN,49462811788
BDX,49285668257
ETR,48738081959
AMP,48082422607
FITB,47966777291
VMRK,47370758670
WAB,47333889631
VST,47213802266
CVNA,46873758220
WDAY,46722668823
AZO,46613950341
HUM,46377416702
ROK,46154050176
LHX,46049011140
XYZ,45828641866
ADSK,45342549362
XEL,45161062230
PYPL,44834704275
CARR,44751674078
VTR,44467321114
A,44113408129
IQV,43852734210
EXC,43342784077
CMG,42302924126
KDP,42131172890
VEEV,42130300475
FERG,41482064689
WAT,41398102523
PAYX,41343571916
IBKR,41089660434
ADM,41053057116
PRU,40848000526
CBRE,40395754071
IDXX,40308357520
MSCI,40193648645
FLEX,40083917931
MCHP,39786244966
AIG,39389543378
ED,38991032890
LYV,38932191338
NTAP,38849713680
DHI,38604370066
TTWO,38415131443
SYY,37909874076
YUM,37657622218
ROP,36864310808
AXON,36374865733
ODFL,35872695606
KR,35760000000
HIG,35725308178
UAL,35283974833
MLM,34844950624
PEG,34767882544
KVUE,34208974421
HSY,34115165953
IRM,34039338433
EL,33802499018
STLD,33719365195
DXCM,33717183776
WEC,33617880247
EXPE,33528167942
EME,33086396825
ACGL,33061689809
MTB,32944719876
KMB,32546184861
NTRS,32545981000
RMD,32455327119
CNC,32164014751
HBAN,32084187668
BIIB,31840986569
RJF,31691591887
JBL,31391069019
EQT,31275800000
VMC,31206447950
CCI,31083773334
HPQ,31021610709
CCL,29913136967
ZTS,29504165813
PCG,29071242739
RDDT,29023014707
KHC,28969674769
GEHC,28966638100
EXR,28882662692
WTW,28788444051
CBOE,28495046314
CTSH,28318509494
AEE,28301686479
CFG,28235692253
CPRT,28205670262
ARES,28158020135
HAL,28026505037
TDY,27973795447
MTD,27897300750
IR,27869999695
VRSN,27402047558
ON,27244517844
DGX,27201514235
ECHO,27149261303
FOXA,27097194045
ATO,27088865561
AWK,27007268392
DG,27005702071
DTE,26743479516
WSM,26403585240
FE,26179794009
VICI,26117559014
CPAY,26116762739
OTIS,26083461830
LH,26009580307
WRB,25982213961
CINF,25937789605
LVS,25895093039
ES,25508414800
WST,25497842158
INCY,25400054056
SMCI,25286266724
DOV,25241767522
PFG,25193692714
CNP,25176290211
Q,25115486225
XYL,25113840928
FISV,25094070833
PPL,25089845113
EXPD,24820409682
FFIV,24464641370
SYF,24415828131
TPL,24325302379
RF,24279990921
FOX,24276060569
DRI,23762018557
HUBB,23611933340
SW,23252101472
PPG,23234795253
ULTA,23130935826
VLTO,23036032553
TPR,22930042970
VRSK,22830666541
GPN,22508439607
CHD,22475070188
PHM,22336430159
TROW,22218979717
KEY,22206944638
BG,22205128588
CASY,22082959857
L,22031174698
JBHT,21996075000
OMC,21822924340
NRG,21790419437
BRO,21756364288
EIX,21284061706
IFF,21179975886
FSLR,21059780378
DLTR,21007088104
EXE,20930131487
DOW,20752848296
PKG,20739411438
FICO,20510841848
STZ,20317510501
CMS,20184805663
LUV,20047751853
LYB,20005740465
STE,19991421899
RL,19966008652
BBY,19473216439
VTRS,19468616021
NI,19460549736
GIS,19417742259
AMCR,19372285116
CF,19325878739
SNA,19250248880
SBAC,18946275176
BR,18867338554
EFX,18664824853
TSN,18564565949
LEN,18411615776
EVRG,18394648700
FIS,18369444212
IP,18286047827
CDW,18276297812
ZBH,18188746139
FDXF,17961612906
CHRW,17877074603
GPC,17657078057
NWS,17520888172
DD,17421893462
GEN,17365009935
NDSN,17360041466
ESS,17353881832
LNT,17010373548
J,16932797327
TSCO,16782702335
BEN,16771617946
FTV,16767356155
ZBRA,16511162901
IEX,16492615223
NVR,16390142056
LDOS,16061546460
RVTY,16007068882
NWSA,15966097213
BALL,15921907327
INVH,15893670921
APA,15720271879
ROL,15603545598
WY,15294017425
SOLV,15122675460
KIM,15112885034
AKAM,15021259490
HST,14963116978
PTC,14744915741
CHTR,14670029997
EG,14372774073
DOC,14018089143
AIZ,13920647302
TKO,13837006005
TYL,13821392475
MAA,13798491381
TXT,13705637835
SWK,13528070977
IVZ,13478988586
GL,13465154310
MAS,13420576004
TRMB,13417899353
REG,13358643344
SWKS,13355964451
CRL,13274270631
SJM,13133910023
MKC,13098447941
ALB,13087941304
ALLE,12949401668
AVY,12710429803
ERIE,12499893104
LII,12415231659
HAS,12351263932
GDDY,12343085115
GNRC,12252222820
BF-B,11902939279
BAX,11787508382
CSGP,11787197896
IT,11731816684
DVA,11730268038
CPT,11471413449
HRL,11463807122
PSKY,11426756964
PNW,11417991304
TECH,11348936314
UDR,10890857616
JKHY,10856937776
LULU,10856224781
HII,10751938033
DECK,10680743086
AES,10576128829
COO,10513686379
ALGN,10486192597
UHS,10413492979
FDS,10094567592
BXP,10085820200
CLX,10049366330
PODD,9751200802
DPZ,9732646840
MGM,9673735546
HSIC,9664697246
FRT,9581426155
ARE,9172678132
APTV,9050736929
PNR,9036981556
WYNN,8410907448
MOS,7782085268
AOS,7739993336
TAP,6997615877
TTD,6540732336
NCLH,6483732332
BLDR,6253505965
