stock_id,symbol,stock_name,sector,as_of_date,t_price,cum_ret_4w,cum_ret_13w,cum_ret_26w,point,di,ret_5d,ret_20d,up_days_20,down_days_20,up_avg_vol,down_avg_vol,ud_ratio,vp_ratio_stock,vp_score_stock,rsi14,above_50ma,ma50,amp_10d_pct,vcp,high_52w,pct_from_high,pv_state_4w,pv_state_13w,pv_state_26w,pv_verdict,trend_state,trend_pattern,trend_signal,explosive_verdict,vol_today,vol_10d_avg,trade_value_20d_est_NTD_M,inst_foreign_net_20d_shares,inst_trust_net_20d_shares,inst_dealer_net_20d_shares,inst_total_net_20d_shares,inst_total_net_20d_est_NTD_M,point_rank_in_sector,vp_score_rank_in_sector,composite_in_sector,composite_rank_in_sector,stock_gap_alert
2330,2330,台積電,電子工業,2026-09-03,2390.0,0.84,0.48,21.73,11.2,1.0,-0.83,1.06,13,7,16387925,18606820,1.857,0.881,93.57,49.88,False,2390.8,3.95,False,2535.0,-5.72,P+V-,P+V-,P+V+,⚠️ 頂部背離,收斂,頭頭低·底底高,空轉多預警,,12602565,16359768,822956.1,7578596.0,-3683498.0,2035671.0,5930769.0,14174.5,34.0,14.0,24.0,23.0,剛爆發
2454,2454,聯發科,電子工業,2026-09-03,4340.0,11.28,-1.45,129.79,67.35,0.667,12.29,10.71,8,12,6417979,8164975,0.667,0.786,85.1,62.37,True,3877.95,22.78,False,4940.48,-12.15,P+V-,P-V-,P+V+,⚠️ 頂部背離,多頭,頭頭高·底底高,空轉多預警,🔥 追高風險,8318790,6927584,601105.5,9767995.0,-6020162.0,-568879.0,3178954.0,13796.7,7.0,28.0,17.5,11.0,吃老本
2308,2308,台達電,電子零組件業,2026-09-03,1760.0,6.67,-27.04,24.15,6.98,0.667,-0.56,4.76,9,9,9084694,10245508,1.0,0.887,83.15,47.91,False,1798.2,12.12,False,2571.55,-31.56,P+V-,P-V-,P+V-,⚠️ 量能背離,多頭,頭頭高·底底高,空轉多預警,,9748529,8608226,358220.3,-9522753.0,-3763721.0,713205.0,-12573269.0,-22129.0,12.0,10.0,11.0,13.0,
2317,2317,鴻海,電子工業,2026-09-03,247.5,-4.81,-13.01,6.64,-1.14,0.333,-1.79,-6.43,7,13,34504088,37990896,0.538,0.908,69.4,47.15,True,247.25,7.44,False,304.92,-18.83,P-V-,P-V-,P+V+,😴 弱勢縮量,收斂,頭頭低·底底高,多轉空預警 / 空轉多預警,,28712515,29694332,187351.0,-9320940.0,-4994847.0,455084.0,-13860703.0,-3430.5,46.0,50.0,48.0,51.0,
3711,3711,日月光投控,電子工業,2026-09-03,589.0,0.68,0.23,60.43,30.44,1.0,-2.64,-1.01,8,11,17234459,17861290,0.727,0.965,76.13,47.02,False,618.61,10.91,False,722.4,-18.47,P+V-,P+V-,P+V+,⚠️ 頂部背離,收斂,頭頭低·底底高,多轉空預警 / 空轉多預警,,11219856,15435118,208893.5,20798715.0,-31187794.0,1834815.0,-8554264.0,-5038.5,16.0,40.0,28.0,29.0,吃老本
2881,2881,富邦金,金融保險,2026-09-03,147.0,15.75,33.32,63.43,43.98,1.0,3.89,16.67,11,8,19848653,16782353,1.375,1.183,100.0,69.38,True,129.17,14.88,False,148.5,-1.01,P+V-,P+V-,P+V+,⚠️ 頂部背離,多頭,頭頭高·底底高,多頭確認,,18425098,24566589,52495.0,43635758.0,6539309.0,-224785.0,49950282.0,7342.7,3.0,1.0,2.0,3.0,
2383,2383,台光電,電子零組件業,2026-09-03,5290.0,1.42,10.02,123.28,64.5,1.0,-3.38,0.17,10,10,1960543,1889004,1.0,1.038,81.91,46.42,True,5286.36,13.68,False,6440.59,-17.86,P+V-,P+V-,P+V-,⚠️ 量能衰竭,多頭,頭頭高·底底高,空轉多預警,🔥 追高風險,1507191,1860934,218418.9,2336488.0,-1555059.0,348270.0,1129699.0,5976.1,4.0,12.0,8.0,9.0,吃老本
1303,1303,南亞,塑膠工業,2026-09-03,221.0,17.55,100.06,148.12,103.46,1.0,-2.86,23.81,9,10,115391205,102382143,0.9,1.127,96.37,57.63,True,189.92,35.33,False,250.0,-11.6,P+V+,P+V+,P+V-,🚀 健康多頭,收斂,頭頭低·底底高,多轉空預警 / 多頭確認,🔥 追高風險,102305686,114745629,449264.8,-45257402.0,38916005.0,2262494.0,-4078903.0,-901.4,1.0,3.0,2.0,2.0,
2408,2408,南亞科,電子工業,2026-09-03,477.5,4.49,21.27,68.08,40.48,1.0,-11.74,4.03,9,10,88747796,86812601,0.9,1.022,79.11,47.56,True,454.24,17.62,False,569.0,-16.08,P+V+,P+V-,P+V-,➡️ 中性,多頭,頭頭高·底底高,空轉多預警 / 空頭確認,,117530881,82228157,876079.1,52912891.0,-960034.0,-2623325.0,49329532.0,23554.9,11.0,35.0,23.0,21.0,吃老本
3037,3037,欣興,電子零組件業,2026-09-03,923.0,-3.35,-4.75,92.28,44.12,0.333,-21.78,-5.14,10,8,20738564,28681670,1.25,0.723,69.61,41.5,False,951.43,30.18,False,1230.0,-24.96,P-V-,P-V+,P+V-,➡️ 中性,擴散,頭頭高·底底低,,,31790987,26933708,474425.0,68988072.0,-11688823.0,1710373.0,59009622.0,54465.9,7.0,13.0,10.0,10.0,吃老本
2303,2303,聯電,電子工業,2026-09-03,125.0,7.76,1.71,97.12,50.93,1.0,5.49,2.88,8,9,169268855,136332766,0.889,1.242,88.98,49.48,False,134.41,18.01,False,182.38,-31.46,P+V-,P+V+,P+V+,⚠️ 頂部背離,擴散,頭頭高·底底低,,,138008048,166545153,353200.8,83542435.0,-85616762.0,22270654.0,20196327.0,2524.5,9.0,22.0,15.5,9.0,吃老本
2882,2882,國泰金,金融保險,2026-09-03,112.5,13.18,23.43,49.57,33.94,1.0,9.76,15.38,11,8,24254693,18678102,1.375,1.299,100.0,69.54,True,99.12,16.76,False,115.0,-2.17,P+V+,P+V-,P+V+,➡️ 中性,多頭,頭頭高·底底高,空轉多預警 / 多頭確認,,35456458,26340313,45110.5,25691731.0,14854949.0,-40702.0,40505978.0,4556.9,5.0,1.0,3.0,5.0,
2382,2382,廣達,電腦及週邊設備業,2026-09-03,335.0,12.42,-13.54,16.05,7.74,0.667,0.45,10.93,12,8,17530338,12695700,1.5,1.381,100.0,54.87,True,331.87,6.92,False,420.07,-20.25,P+V-,P-V-,P+V+,⚠️ 頂部背離,空頭,頭頭低·底底低,多轉空預警,,11610832,10212146,101940.2,39644718.0,8276469.0,-51553.0,47869634.0,16036.3,11.0,1.0,6.0,6.0,剛爆發
2059,2059,川湖,電子零組件業,2026-09-03,13450.0,21.49,152.29,294.66,190.78,1.0,-6.21,33.64,9,11,536809,499080,0.818,1.076,98.8,61.29,True,10194.49,11.09,False,15031.98,-10.52,P+V-,P+V-,P+V-,⚠️ 量能衰竭,多頭,頭頭高·底底高,,🔥 追高風險,600742,514422,139919.3,244668.0,250992.0,80202.0,575862.0,7745.3,2.0,4.0,3.0,1.0,
3017,3017,奇鋐,電腦及週邊設備業,2026-09-03,3300.0,19.19,22.49,88.08,54.46,1.0,-1.2,12.91,9,11,5062767,3065452,0.818,1.652,98.44,63.12,True,2662.62,24.55,False,3525.0,-6.38,P+V-,P+V-,P+V-,⚠️ 量能衰竭,多頭,頭頭高·底底高,,,4221921,3581574,247375.5,4475779.0,3560161.0,146546.0,8182486.0,27002.2,4.0,4.0,4.0,3.0,
6669,6669,緯穎,電腦及週邊設備業,2026-09-03,2475.0,21.02,36.38,83.04,55.87,1.0,8.33,17.84,10,10,4577623,4434765,1.0,1.032,97.1,66.46,True,1934.14,35.08,False,2875.0,-13.91,P+V-,P+V-,P+V+,⚠️ 頂部背離,多頭,頭頭高·底底高,多頭確認,,4089779,4833157,204060.7,-6942974.0,-171698.0,-464838.0,-7579510.0,-18759.3,3.0,6.0,4.5,5.0,
2891,2891,中信金,金融保險,2026-09-03,67.5,2.9,2.95,30.12,16.52,1.0,5.8,4.49,12,8,30113547,31444948,1.5,0.958,94.27,60.73,True,65.36,7.68,False,70.97,-4.89,P+V-,P+V-,P+V+,⚠️ 頂部背離,多頭,頭頭高·底底高,多頭確認,,36954260,31077215,40118.0,-8693667.0,18614024.0,-4926345.0,4994012.0,337.1,14.0,15.0,14.5,16.0,
2345,2345,智邦,電子工業,2026-09-03,2090.0,-5.64,-16.07,48.87,19.01,0.333,0.0,-13.28,8,12,2845652,3042485,0.667,0.935,68.4,45.92,False,2251.31,13.65,False,2802.81,-25.43,P-V+,P-V-,P+V-,➡️ 中性,多頭,頭頭高·底底高,空轉多預警,,2629901,2911359,127382.2,-3498254.0,-5054489.0,323691.0,-8229052.0,-17198.7,25.0,52.0,38.5,45.0,吃老本
2327,2327,國巨*,電子工業,2026-09-03,511.0,-5.37,-30.73,76.26,29.1,0.333,-7.93,-10.35,6,13,54044617,39368876,0.462,1.373,71.56,38.93,False,692.07,17.99,False,1220.0,-58.11,P-V-,P-V+,P+V+,➡️ 中性,收斂,頭頭低·底底高,多轉空預警 / 空轉多預警 / 空頭確認,,30945145,39833578,515497.7,-53378840.0,-20623229.0,-643788.0,-74645857.0,-38144.0,18.0,47.0,32.5,35.0,吃老本
2412,2412,中華電,電子工業,2026-09-03,138.0,0.36,1.3,3.87,2.35,1.0,1.85,0.73,7,6,10766470,8144691,1.167,1.322,91.81,59.15,True,136.73,2.57,True,142.5,-3.16,P+V-,P+V+,P+V+,⚠️ 頂部背離,收斂,頭頭低·底底高,多轉空預警 / 多頭確認,,12986075,8765431,24120.9,-9899299.0,6274842.0,459297.0,-3165160.0,-436.8,43.0,17.0,30.0,32.0,剛爆發
7769,7769,鴻勁,電子工業,2026-09-03,5870.0,-7.12,-19.5,35.88,11.28,0.333,-7.49,-9.34,10,10,554747,560415,1.0,0.99,73.72,41.99,False,6308.61,15.32,False,8358.69,-29.77,P-V-,P-V-,P+V-,⚠️ 主升段結束,空頭,頭頭低·底底低,,,862533,601804,69700.4,1097017.0,-1250122.0,6368.0,-146737.0,-861.3,32.0,44.0,38.0,44.0,吃老本
3008,3008,大立光,電子工業,2026-09-03,7150.0,64.55,88.64,200.3,138.45,1.0,3.4,56.01,13,7,2711783,2030898,1.857,1.335,100.0,69.69,True,4767.53,40.71,False,7995.0,-10.57,P+V+,P+V+,P+V+,⭐⭐⭐ 完美多頭,空頭,頭頭低·底底低,多轉空預警 / 多頭確認,🔥 追高風險,1443132,2653913,293783.0,-938052.0,1708977.0,533657.0,1304582.0,9327.8,2.0,1.0,1.5,2.0,
2887,2887,台新新光金,金融保險,2026-09-03,41.45,17.92,50.97,73.45,53.95,1.0,11.13,20.14,13,7,65141577,52697422,1.857,1.236,100.0,74.74,True,35.32,17.68,False,42.65,-2.81,P+V-,P+V-,P+V-,⚠️ 量能衰竭,多頭,頭頭高·底底高,多頭確認,,77767793,65487850,46011.9,10225369.0,152664321.0,-7486151.0,155403539.0,6441.5,1.0,1.0,1.0,1.0,
2885,2885,元大金,金融保險,2026-09-03,68.5,5.23,14.77,55.21,32.61,1.0,8.39,6.17,12,5,20996865,31675142,2.4,0.663,100.0,66.35,True,63.49,11.45,False,69.4,-1.3,P+V-,P+V+,P+V+,⚠️ 頂部背離,多頭,頭頭高·底底高,空轉多預警 / 多頭確認,,35448647,21909876,30042.8,-14972834.0,-3174487.0,-3137763.0,-21285084.0,-1458.0,6.0,1.0,3.5,6.0,
3653,3653,健策,電子零組件業,2026-09-03,5615.0,28.2,51.47,85.55,62.69,1.0,-0.53,26.18,10,10,1358306,1526539,1.0,0.89,96.07,62.51,True,4149.36,21.1,False,6095.0,-7.88,P+V-,P+V-,P+V-,⚠️ 量能衰竭,收斂,頭頭低·底底高,多轉空預警 / 空轉多預警 / 多頭確認,,853669,1325314,151369.9,1992737.0,309240.0,90388.0,2392365.0,13433.1,5.0,7.0,6.0,5.0,
2360,2360,致茂,電子工業,2026-09-03,2015.0,-0.74,-22.44,34.13,11.27,0.333,1.26,2.03,11,7,2029708,1934902,1.571,1.049,93.65,47.47,False,2037.4,15.68,False,2771.56,-27.3,P-V-,P-V-,P+V-,⚠️ 主升段結束,多頭,頭頭高·底底高,,,1865948,1703841,82159.6,2014222.0,-2191876.0,251391.0,73737.0,148.6,33.0,13.0,23.0,21.0,剛爆發
2344,2344,華邦電,電子工業,2026-09-03,169.0,3.36,-5.85,36.45,17.61,0.667,-9.14,-1.17,9,10,154058127,153135401,0.9,1.006,76.75,46.86,False,171.23,13.39,False,233.5,-27.62,P+V+,P-V-,P+V-,➡️ 中性,收斂,頭頭低·底底高,多轉空預警 / 空轉多預警,,158023835,139109438,559151.1,77836684.0,-76772095.0,-4613959.0,-3549370.0,-599.8,28.0,39.0,33.5,38.0,吃老本
3443,3443,創意,半導體業,2026-09-03,5800.0,27.61,32.42,120.28,75.15,1.0,-2.03,29.46,10,10,2318278,2149466,1.0,1.079,100.0,58.98,True,4774.1,22.01,False,6490.0,-10.63,P+V+,P+V-,P+V-,➡️ 中性,多頭,頭頭高·底底高,空轉多預警,🔥 追高風險,1533335,1968666,247166.4,1492231.0,961794.0,248917.0,2702942.0,15677.1,1.0,1.0,1.0,1.0,
8046,8046,南電,電子零組件業,2026-09-03,1080.0,0.0,23.26,100.05,55.84,0.667,-16.6,-2.26,8,11,9984738,14535311,0.727,0.687,64.93,43.5,False,1153.3,22.31,False,1415.0,-23.67,P-V-,P+V-,P+V-,➡️ 中性,收斂,頭頭低·底底高,多轉空預警 / 空轉多預警,🔥 追高風險,21396342,13069980,299062.7,-15224614.0,2121370.0,-1556788.0,-14660032.0,-15832.8,6.0,14.0,10.0,10.0,吃老本
2357,2357,華碩,電腦及週邊設備業,2026-09-03,971.0,18.85,15.8,94.9,56.11,1.0,0.31,18.7,12,7,4079770,3412079,1.714,1.196,100.0,62.69,True,806.04,12.83,False,1025.0,-5.27,P+V-,P+V-,P+V+,⚠️ 頂部背離,多頭,頭頭高·底底高,空轉多預警,,3026894,2884394,72166.7,17066064.0,3588624.0,-122465.0,20532223.0,19936.8,2.0,1.0,1.5,1.0,
2886,2886,兆豐金,金融保險,2026-09-03,50.4,2.71,24.18,30.05,21.74,1.0,9.21,3.93,11,9,34590830,34998273,1.222,0.988,91.67,66.56,True,46.83,9.83,False,51.77,-2.65,P+V+,P+V+,P+V+,⭐⭐⭐ 完美多頭,多頭,頭頭高·底底高,,,37511644,31374919,33030.5,229880792.0,43404155.0,-19371720.0,253913227.0,12797.2,11.0,16.0,13.5,14.0,
2301,2301,光寶科,電腦及週邊設備業,2026-09-03,299.0,22.17,21.43,81.76,51.78,1.0,-0.66,19.51,9,11,44331237,28882907,0.818,1.535,100.0,59.91,True,240.66,25.76,False,328.0,-8.84,P+V+,P+V-,P+V+,➡️ 中性,空頭,頭頭低·底底低,多頭確認,,37447262,39329537,203631.1,13292089.0,17393600.0,616590.0,31302279.0,9359.4,5.0,1.0,3.0,2.0,
6505,6505,台塑化,油電燃氣業,2026-09-03,76.5,7.75,36.07,38.48,30.19,1.0,5.23,14.01,12,8,24820401,20549999,1.5,1.208,100.0,57.48,True,70.09,16.16,False,97.9,-21.86,P+V-,P+V+,P+V+,⚠️ 頂部背離,收斂,頭頭低·底底高,多轉空預警,,27421248,23044429,33583.3,-17297975.0,-8542019.0,762941.0,-25077053.0,-1918.4,1.0,1.0,1.0,1.0,
2884,2884,玉山金,金融保險,2026-09-03,43.2,13.24,34.62,29.03,26.48,1.0,12.06,13.83,13,7,43913122,39501080,1.857,1.112,100.0,82.21,True,36.7,16.1,False,43.5,-0.69,P+V-,P+V+,P+V+,⚠️ 頂部背離,多頭,頭頭高·底底高,多頭確認,,95532834,41112154,32931.0,-108942435.0,114759980.0,-4188475.0,1629070.0,70.4,9.0,1.0,5.0,9.0,剛爆發
2890,2890,永豐金,金融保險,2026-09-03,42.6,9.37,34.82,36.05,29.07,1.0,8.26,10.08,13,6,23863666,21708001,2.167,1.099,100.0,73.2,True,39.13,10.66,False,43.15,-1.27,P+V-,P+V+,P+V+,⚠️ 頂部背離,收斂,頭頭低·底底高,多轉空預警 / 多頭確認,,25818015,23850916,18943.2,19164852.0,63228446.0,-8220836.0,74172462.0,3159.7,7.0,1.0,4.0,7.0,剛爆發
2368,2368,金像電,電子工業,2026-09-03,1100.0,12.02,-17.94,40.76,18.9,0.667,6.8,11.68,10,10,12396274,8509745,1.0,1.457,100.0,54.83,True,1022.06,30.7,False,1568.9,-29.89,P+V+,P-V-,P+V-,➡️ 中性,收斂,頭頭低·底底高,空轉多預警,,8822616,8720605,218121.1,-18081663.0,8524894.0,288259.0,-9268510.0,-10195.4,26.0,1.0,13.5,6.0,剛爆發
6446,6446,藥華藥,化學生技醫療,2026-09-03,1350.0,8.87,59.82,117.58,75.96,1.0,-13.46,4.65,9,10,3676101,4755150,0.9,0.773,74.43,49.11,True,1293.16,25.32,False,1645.0,-17.93,P+V+,P+V+,P+V+,⭐⭐⭐ 完美多頭,多頭,頭頭高·底底高,空轉多預警,🔥 追高風險,3051077,4332266,118190.1,-1217705.0,-212393.0,-13828.0,-1443926.0,-1949.3,1.0,2.0,1.5,1.0,
2395,2395,研華,電腦及週邊設備業,2026-09-03,674.0,6.31,31.9,104.6,61.85,1.0,-0.15,8.36,11,9,4109250,3024116,1.222,1.359,97.07,56.13,True,592.84,10.65,False,715.0,-5.73,P+V-,P+V-,P+V+,⚠️ 頂部背離,多頭,頭頭高·底底高,,🔥 追高風險,2875122,2684792,48896.5,782496.0,3818617.0,-155204.0,4445909.0,2996.5,1.0,7.0,4.0,3.0,吃老本
2880,2880,華南金,金融保險,2026-09-03,43.45,2.06,20.2,23.47,17.3,1.0,10.42,2.87,10,10,27889227,27202674,1.0,1.025,88.83,70.16,True,39.29,12.63,False,43.75,-0.69,P+V+,P+V+,P+V+,⭐⭐⭐ 完美多頭,多頭,頭頭高·底底高,多頭確認,,16060080,21017822,22256.8,51556240.0,29019297.0,-23076598.0,57498939.0,2498.3,12.0,19.0,15.5,17.0,吃老本
2883,2883,凱基金,金融保險,2026-09-03,35.9,16.37,35.6,75.66,50.82,1.0,11.66,17.32,13,5,47094398,42808859,2.6,1.1,100.0,77.34,True,30.73,19.45,False,36.75,-2.31,P+V-,P+V+,P+V+,⚠️ 頂部背離,多頭,頭頭高·底底高,多頭確認,,60231747,50410367,28353.0,103683552.0,99693194.0,-5129616.0,198247130.0,7117.1,2.0,1.0,1.5,2.0,
3231,3231,緯創,電子工業,2026-09-03,188.5,2.72,11.03,44.75,25.81,1.0,5.01,-0.53,9,9,54944983,45601973,1.0,1.205,87.77,59.74,True,169.49,13.03,False,206.0,-8.5,P+V-,P+V+,P+V+,⚠️ 頂部背離,多頭,頭頭高·底底高,,,95906564,44611886,179332.4,4898515.0,19013802.0,-424971.0,23487346.0,4427.4,21.0,24.0,22.5,18.0,
4958,4958,臻鼎-KY,電子工業,2026-09-03,464.0,-1.9,-5.14,136.54,66.51,0.333,-2.73,-3.73,11,9,36943215,32245734,1.222,1.146,85.05,46.67,False,508.5,27.13,False,659.0,-29.59,P-V-,P-V-,P+V+,😴 弱勢縮量,收斂,頭頭低·底底高,空轉多預警,🔥 追高風險,38780553,31087540,336349.1,-39527162.0,-600161.0,-1322685.0,-41450008.0,-19232.8,8.0,29.0,18.5,12.0,吃老本
2892,2892,第一金,金融保險,2026-09-03,36.85,7.66,29.52,29.3,23.95,1.0,10.49,7.81,12,7,43758182,38198857,1.714,1.146,100.0,74.95,True,33.31,11.26,False,37.1,-0.67,P+V+,P+V+,P+V+,⭐⭐⭐ 完美多頭,收斂,頭頭低·底底高,多轉空預警 / 空轉多預警 / 多頭確認,,38327979,41280027,27952.5,239842731.0,41507093.0,-15033663.0,266316161.0,9813.8,10.0,1.0,5.5,10.0,剛爆發
2603,2603,長榮,航運業,2026-09-03,239.0,15.18,9.19,22.71,17.45,1.0,2.8,17.16,14,6,18134456,16838756,2.333,1.077,100.0,61.78,True,211.01,12.98,False,256.5,-6.82,P+V+,P+V-,P+V+,➡️ 中性,多頭,頭頭高·底底高,,,9009873,17703926,83632.5,114125909.0,632381.0,-866785.0,113891505.0,27220.1,2.0,1.0,1.5,2.0,
3665,3665,貿聯-KY,電子工業,2026-09-03,2100.0,-4.55,-1.7,40.76,18.82,0.333,2.19,-11.39,9,11,3005938,3202052,0.818,0.939,72.74,47.82,True,2075.28,20.72,False,2983.85,-29.62,P-V-,P-V-,P+V-,⚠️ 主升段結束,空頭,頭頭低·底底低,多轉空預警,,2317076,3425860,135201.4,-5711355.0,-2054959.0,100438.0,-7665876.0,-16098.3,27.0,45.0,36.0,41.0,吃老本
1216,1216,統一,食品工業,2026-09-03,75.6,-0.13,6.82,6.82,5.08,0.667,-1.95,3.56,9,9,14325256,9897141,1.0,1.447,91.69,47.58,True,75.23,4.56,False,78.6,-3.82,P-V-,P+V+,P+V+,➡️ 中性,擴散,頭頭高·底底低,,,6884317,10784899,18577.3,102669766.0,-7441805.0,-3313742.0,91914219.0,6948.7,1.0,2.0,1.5,1.0,
3045,3045,台灣大,電子工業,2026-09-03,118.0,5.83,6.18,13.52,9.76,1.0,2.16,6.79,8,5,13424585,12220764,1.6,1.099,98.16,72.75,True,112.28,3.89,False,118.0,0.0,P+V-,P+V+,P+V+,⚠️ 頂部背離,收斂,頭頭低·底底高,多轉空預警 / 多頭確認,,13088667,9721949,26280.9,71683180.0,3682721.0,-2950253.0,72415648.0,8545.0,37.0,11.0,24.0,23.0,剛爆發
3189,3189,景碩,電子工業,2026-09-03,775.0,-5.83,12.19,154.95,79.06,0.667,-15.21,-9.14,10,10,16767217,18551273,1.0,0.904,69.25,45.26,False,795.24,22.96,False,960.0,-19.27,P-V+,P+V-,P+V-,➡️ 中性,多頭,頭頭高·底底高,空轉多預警,🔥 追高風險,25238351,21885659,302466.6,-5787481.0,-658616.0,1481958.0,-4964139.0,-3847.2,6.0,51.0,28.5,30.0,吃老本
1301,1301,台塑,塑膠工業,2026-09-03,65.7,17.74,30.56,30.82,27.48,1.0,4.12,19.24,11,8,35901164,33634104,1.375,1.067,100.0,62.65,True,59.17,24.42,False,71.2,-7.72,P+V-,P+V+,P+V+,⚠️ 頂部背離,收斂,頭頭低·底底高,多轉空預警 / 多頭確認,,52064669,43629880,41978.6,77432888.0,606818.0,3620478.0,81660184.0,5365.1,3.0,1.0,2.0,2.0,
5880,5880,合庫金,金融保險,2026-09-03,26.7,7.84,19.22,17.98,15.75,1.0,6.59,8.26,13,6,22225009,24571034,2.167,0.905,100.0,78.07,True,24.5,8.64,False,26.85,-0.56,P+V-,P+V+,P+V+,⚠️ 頂部背離,多頭,頭頭高·底底高,多頭確認,,32234393,19096777,11241.1,15569274.0,39486936.0,34803.0,55091013.0,1470.9,15.0,1.0,8.0,11.0,剛爆發
1326,1326,台化,塑膠工業,2026-09-03,69.7,18.34,27.71,46.26,34.64,1.0,10.28,19.97,11,9,36855535,34033313,1.222,1.083,100.0,61.35,True,62.21,34.22,False,78.2,-10.87,P+V-,P+V+,P+V+,⚠️ 頂部背離,收斂,頭頭低·底底高,多轉空預警 / 多頭確認,,81979796,48534219,46387.7,79334498.0,1405951.0,-1561345.0,79179104.0,5518.8,2.0,1.0,1.5,1.0,
3481,3481,群創,電子工業,2026-09-03,48.1,1.16,-11.81,72.37,33.52,0.667,4.0,-3.8,8,12,222066131,208213371,0.667,1.067,77.98,47.32,False,53.08,15.66,False,72.6,-33.75,P+V-,P-V-,P+V+,⚠️ 頂部背離,收斂,頭頭低·底底高,多轉空預警,,363907104,191805466,208277.7,-55164650.0,12479427.0,-7419203.0,-50104426.0,-2410.0,15.0,37.0,26.0,26.0,吃老本
2379,2379,瑞昱,電子工業,2026-09-03,707.0,-5.73,13.3,48.06,25.92,0.667,-3.15,-4.97,9,10,2181621,2415988,0.9,0.903,75.06,44.0,False,747.32,9.78,False,970.0,-27.11,P-V-,P+V+,P+V+,➡️ 中性,收斂,頭頭低·底底高,空轉多預警,,2756710,1939925,34052.3,-4598805.0,2786873.0,258814.0,-1553118.0,-1098.1,20.0,42.0,31.0,34.0,吃老本
4904,4904,遠傳,電子工業,2026-09-03,103.5,0.49,5.37,14.82,8.87,1.0,1.97,1.47,10,7,5984442,5323555,1.429,1.124,92.77,57.42,True,101.26,3.64,False,109.3,-5.31,P+V-,P+V+,P+V+,⚠️ 頂部背離,收斂,頭頭低·底底高,多頭確認,,3488645,5679168,11064.6,19981799.0,-1416558.0,-1143710.0,17421531.0,1803.1,39.0,16.0,27.5,28.0,剛爆發
6770,6770,力積電,電子工業,2026-09-03,67.8,3.85,-16.02,-9.06,-7.57,0.333,-2.59,2.14,10,10,253371123,159130650,1.0,1.592,93.11,48.33,False,68.28,10.61,False,94.19,-28.02,P+V+,P-V-,P-V-,🌱 底部剛翻多,收斂,頭頭低·底底高,空轉多預警,,114009391,132574676,294741.5,99586012.0,-798404.0,3879050.0,102666658.0,6960.8,50.0,15.0,32.5,35.0,剛爆發
3661,3661,世芯-KY,電子工業,2026-09-03,4050.0,9.87,-5.95,18.65,10.31,0.667,5.47,11.52,13,7,2277938,2222564,1.857,1.025,100.0,55.91,True,3790.62,17.2,False,5596.29,-27.63,P+V+,P-V-,P+V+,➡️ 中性,收斂,頭頭低·底底高,多轉空預警 / 空轉多預警,,1741142,1636911,177586.6,1874122.0,-770670.0,405246.0,1508698.0,6110.2,36.0,1.0,18.5,12.0,剛爆發
2449,2449,京元電子,電子工業,2026-09-03,261.0,7.85,-14.57,-12.94,-8.15,0.333,5.45,4.82,9,10,24698997,21173563,0.9,1.167,88.99,52.65,False,264.81,20.87,False,348.67,-25.14,P+V+,P-V-,P-V-,🌱 底部剛翻多,收斂,頭頭低·底底高,多轉空預警 / 空轉多預警,,24117290,25713068,113930.6,-39548196.0,3804289.0,-504682.0,-36248589.0,-9460.9,53.0,21.0,37.0,43.0,剛爆發
3034,3034,聯詠,電子工業,2026-09-03,527.0,-2.77,12.55,42.39,23.64,0.667,-3.83,-2.95,8,12,3897388,3265288,0.667,1.194,77.59,48.57,True,516.05,8.27,False,580.28,-9.18,P-V-,P+V-,P+V+,➡️ 中性,收斂,頭頭低·底底高,多轉空預警 / 空轉多預警,🎯 潛在暴漲,2517203,3722144,37858.2,11272219.0,1572600.0,-457823.0,12386996.0,6527.9,22.0,38.0,30.0,32.0,吃老本
2615,2615,萬海,航運業,2026-09-03,115.5,36.04,43.18,49.99,44.8,1.0,1.76,37.01,13,5,42559076,36282266,2.6,1.173,100.0,65.5,True,91.23,22.19,False,134.5,-14.13,P+V+,P+V+,P+V+,⭐⭐⭐ 完美多頭,多頭,頭頭高·底底高,,🚀 暴漲中,19516732,51195063,93870.1,104507590.0,2044473.0,5465325.0,112017388.0,12938.0,1.0,1.0,1.0,1.0,
2313,2313,華通,電子零組件業,2026-09-03,236.0,13.19,-11.11,6.17,3.6,0.667,-3.28,7.03,9,10,38465142,27421408,0.9,1.403,90.95,56.22,True,216.36,23.33,False,302.48,-21.98,P+V-,P-V-,P+V+,⚠️ 頂部背離,收斂,頭頭低·底底高,空轉多預警 / 多頭確認,,25261146,40559102,145928.0,13209183.0,17040155.0,2590184.0,32839522.0,7750.1,13.0,9.0,11.0,13.0,
2801,2801,彰銀,金融保險,2026-09-03,26.6,14.9,31.69,34.84,29.07,1.0,7.69,14.9,12,5,22164233,12673533,2.4,1.749,100.0,83.72,True,23.35,12.91,False,26.9,-1.12,P+V-,P+V+,P+V+,⚠️ 頂部背離,多頭,頭頭高·底底高,多頭確認,🔥 追高風險,46394106,22267420,9091.8,23593727.0,8190292.0,921946.0,32705965.0,870.0,7.0,1.0,4.0,7.0,剛爆發
2002,2002,中鋼,鋼鐵工業,2026-09-03,19.0,-0.26,-0.52,-5.43,-2.91,0.0,-0.78,0.0,8,9,48641060,29325478,0.889,1.659,92.05,48.19,True,18.91,4.18,False,21.43,-11.34,P-V-,P-V-,P-V+,😴 弱勢縮量,收斂,頭頭低·底底高,多轉空預警,,28412261,25351499,14519.1,84801478.0,1348169.0,-615678.0,85533969.0,1625.1,2.0,2.0,2.0,2.0,
2207,2207,和泰車,汽車工業,2026-09-03,521.0,0.97,11.88,-5.53,0.45,0.667,-1.14,0.97,9,10,208946,275114,0.9,0.759,76.92,55.13,True,501.88,5.39,False,607.14,-14.19,P+V-,P+V+,P-V+,➡️ 中性,多頭,頭頭高·底底高,,,164580,231647,2504.3,-29453.0,156164.0,21543.0,148254.0,77.2,1.0,1.0,1.0,1.0,
1590,1590,亞德客-KY,電機機械,2026-09-03,1375.0,-11.0,7.21,12.81,5.46,0.667,-7.09,-11.86,10,9,632003,784256,1.111,0.806,70.82,42.35,False,1399.84,9.77,False,1615.0,-14.86,P-V-,P+V-,P+V+,➡️ 中性,收斂,頭頭低·底底高,多轉空預警 / 空頭確認,,415410,544352,20400.8,76601.0,-1050269.0,-9416.0,-983084.0,-1351.7,5.0,9.0,7.0,9.0,
3044,3044,健鼎,電子零組件業,2026-09-03,487.5,23.73,-2.15,29.29,20.04,0.667,1.35,22.64,11,8,4269873,3881122,1.375,1.1,100.0,58.17,True,444.4,15.69,False,581.91,-16.22,P+V+,P-V-,P+V+,➡️ 中性,收斂,頭頭低·底底高,多轉空預警 / 空轉多預警,,2212304,3270128,37935.4,-4550129.0,3449194.0,-344154.0,-1445089.0,-704.5,10.0,1.0,5.5,3.0,剛爆發
1519,1519,華城,電機機械,2026-09-03,722.0,10.57,-11.22,-21.56,-10.94,0.333,-6.23,9.06,9,9,1976707,1627726,1.0,1.214,89.2,53.05,True,674.35,10.07,False,996.43,-27.54,P+V+,P-V-,P-V-,🌱 底部剛翻多,擴散,頭頭高·底底低,,,1193472,2084585,25816.6,-2712389.0,310878.0,305811.0,-2095700.0,-1513.1,9.0,4.0,6.5,7.0,
2337,2337,旺宏,電子工業,2026-09-03,117.0,-3.7,-25.24,0.86,-6.8,0.333,-8.24,-9.3,9,10,59255887,65938672,0.9,0.899,70.35,41.83,False,129.4,11.32,False,192.0,-39.06,P-V-,P-V-,P+V-,⚠️ 主升段結束,收斂,頭頭低·底底高,空轉多預警,,46118841,32996258,164280.5,28656526.0,-24103468.0,-4331207.0,221851.0,26.0,49.0,49.0,49.0,52.0,
3036,3036,文曄,電子通路業,2026-09-03,190.5,-9.93,-30.52,5.91,-7.16,0.333,-1.3,-18.42,5,13,9570593,11710769,0.385,0.817,58.5,40.2,False,205.15,14.03,False,299.46,-36.38,P-V+,P-V-,P+V+,⚠️ 中期出貨,擴散,頭頭高·底底低,,,14949204,8503004,43040.3,-19980780.0,-7679263.0,-1916139.0,-29576182.0,-5634.3,3.0,3.0,3.0,3.0,
4938,4938,和碩,電腦及週邊設備業,2026-09-03,90.4,3.79,-2.61,31.39,15.99,0.667,1.12,2.73,10,9,15067420,9784374,1.111,1.54,95.7,54.28,True,86.46,6.24,False,100.5,-10.05,P+V+,P-V+,P+V+,➡️ 中性,多頭,頭頭高·底底高,空轉多預警,,9040064,7916877,23789.6,13627832.0,19475133.0,-3197929.0,29905036.0,2703.4,9.0,8.0,8.5,8.0,
2376,2376,技嘉,電腦及週邊設備業,2026-09-03,350.5,1.89,-2.82,53.68,26.61,0.667,1.59,1.89,13,6,7486875,9355809,2.167,0.8,98.28,51.26,True,337.49,9.56,False,402.0,-12.81,P+V+,P-V-,P+V+,➡️ 中性,多頭,頭頭高·底底高,空轉多預警,,8021034,4625990,57553.2,5920470.0,-934806.0,57505.0,5043169.0,1767.6,7.0,5.0,6.0,6.0,
2356,2356,英業達,電腦及週邊設備業,2026-09-03,65.0,1.56,-13.74,49.96,21.93,0.667,-0.91,-0.76,8,11,28827964,21240122,0.727,1.357,83.84,48.98,True,64.18,6.98,False,85.82,-24.26,P+V-,P-V-,P+V+,⚠️ 頂部背離,多頭,頭頭高·底底高,空轉多預警,,15910386,14780655,32706.0,65445506.0,1142765.0,219052.0,66807323.0,4342.5,8.0,12.0,10.0,10.0,
2618,2618,長榮航,航運業,2026-09-03,42.8,-3.6,18.52,23.74,15.6,0.667,0.12,-1.04,11,9,27235455,28485835,1.222,0.956,84.49,54.53,True,41.92,5.07,False,44.6,-4.04,P-V-,P+V+,P+V+,➡️ 中性,空頭,頭頭低·底底低,多轉空預警,,26327944,21566058,23404.3,34428107.0,11480074.0,-5768915.0,40139266.0,1718.0,3.0,4.0,3.5,4.0,
6515,6515,穎崴,電子工業,2026-09-03,7000.0,3.55,-18.48,47.68,20.11,0.667,14.66,3.32,13,7,359816,459541,1.857,0.783,99.42,57.07,True,6897.14,22.97,False,11405.66,-38.63,P+V+,P-V-,P+V-,➡️ 中性,收斂,頭頭低·底底高,空轉多預警,,770587,419199,52418.9,245518.0,-465887.0,290.0,-220079.0,-1540.6,24.0,10.0,17.0,10.0,剛爆發
2912,2912,統一超,貿易百貨,2026-09-03,216.5,-2.04,-8.58,1.53,-1.89,0.333,-1.81,-1.59,8,11,2196754,1902864,0.727,1.154,79.43,40.87,False,223.87,4.77,False,247.88,-12.66,P-V-,P-V-,P+V+,😴 弱勢縮量,空頭,頭頭低·底底低,,,867765,1809141,8966.9,3841741.0,-2043354.0,-131639.0,1666748.0,360.9,1.0,1.0,1.0,1.0,
5876,5876,上海商銀,金融保險,2026-09-03,45.95,5.75,18.47,22.22,17.17,1.0,6.74,5.75,10,9,8937425,6474711,1.111,1.38,96.97,68.54,True,42.84,7.96,False,46.0,-0.11,P+V-,P+V+,P+V+,⚠️ 頂部背離,空頭,頭頭低·底底低,多轉空預警 / 多頭確認,,13100329,8891985,6620.9,23056875.0,4021330.0,-3464588.0,23613617.0,1085.0,13.0,14.0,13.5,14.0,
6239,6239,力成,電子工業,2026-09-03,275.0,4.76,-20.79,10.84,1.41,0.667,-0.72,2.04,8,11,13021082,16000536,0.727,0.814,76.09,49.31,False,283.1,14.06,False,379.53,-27.54,P+V-,P-V+,P+V+,⚠️ 頂部背離,多頭,頭頭高·底底高,空轉多預警,,9265748,13916846,79950.2,-19933348.0,-2690347.0,-372600.0,-22996295.0,-6324.0,44.0,41.0,42.5,48.0,
2609,2609,陽明,航運業,2026-09-03,57.8,14.46,13.16,0.34,7.07,1.0,-0.17,14.68,13,7,92823511,72739487,1.857,1.276,100.0,55.16,True,52.69,19.29,False,67.3,-14.12,P+V+,P+V+,P+V+,⭐⭐⭐ 完美多頭,多頭,頭頭高·底底高,空轉多預警,🚀 暴漲中,34852280,116204448,102329.2,179915656.0,858403.0,5944172.0,186718231.0,10792.3,4.0,1.0,2.5,3.0,
5871,5871,中租-KY,其他,2026-09-03,111.5,2.29,0.53,16.71,9.06,1.0,-2.62,2.29,7,9,7772785,6625872,0.778,1.173,82.52,47.41,True,111.26,5.24,False,117.5,-5.11,P+V-,P+V+,P+V+,⚠️ 頂部背離,多頭,頭頭高·底底高,,,7083173,7637222,14758.9,3628259.0,1161341.0,-822644.0,3966956.0,442.3,1.0,2.0,1.5,1.0,
2404,2404,漢唐,電子工業,2026-09-03,1035.0,-10.0,-13.15,-0.63,-6.1,0.0,-3.72,-11.54,6,11,931739,1456381,0.545,0.64,60.97,39.67,False,1144.72,7.52,False,1404.86,-26.33,P-V-,P-V-,P-V+,😴 弱勢縮量,收斂,頭頭低·底底高,空轉多預警 / 空頭確認,,1408536,1137102,27385.9,-2412023.0,-194563.0,-164614.0,-2771200.0,-2868.2,48.0,53.0,50.5,53.0,
2409,2409,友達,電子工業,2026-09-03,26.55,8.15,-7.67,60.28,30.26,0.667,5.15,8.15,8,10,205309512,132526094,0.8,1.549,96.06,54.93,True,26.54,16.4,False,33.87,-21.61,P+V-,P-V-,P+V+,⚠️ 頂部背離,收斂,頭頭低·底底高,多轉空預警 / 空轉多預警,,439804224,130073248,84683.4,33475685.0,-2593433.0,-8253296.0,22628956.0,600.8,17.0,12.0,14.5,8.0,
6213,6213,聯茂,電子工業,2026-09-03,512.0,31.62,98.2,291.14,178.02,1.0,-9.06,36.53,14,6,17510035,16282138,2.333,1.075,100.0,57.48,True,403.56,22.41,False,599.0,-14.52,P+V-,P+V-,P+V+,⚠️ 頂部背離,多頭,頭頭高·底底高,空轉多預警,🔥 追高風險,12730033,22660366,172788.5,19424103.0,-4857996.0,573439.0,15139546.0,7751.4,1.0,1.0,1.0,1.0,
3533,3533,嘉澤,電子零組件業,2026-09-03,1670.0,-12.57,-29.18,-0.02,-10.45,0.0,2.77,-15.23,7,12,1341357,1878253,0.583,0.714,63.22,42.63,False,1864.79,13.85,False,2903.51,-42.48,P-V+,P-V-,P-V+,➡️ 中性,空頭,頭頭低·底底低,,,748606,1303853,56357.0,-5870708.0,-1881435.0,198528.0,-7553615.0,-12614.5,15.0,15.0,15.0,15.0,
1101,1101,台泥,水泥工業,2026-09-03,24.45,0.41,3.44,-4.02,-1.05,0.667,1.45,0.41,8,11,94308472,28929582,0.727,3.26,100.0,51.28,True,23.96,8.34,False,26.1,-6.32,P+V+,P+V+,P-V+,🚀 健康多頭,多頭,頭頭高·底底高,,🎯 潛在暴漲,23920611,86096337,26748.8,-23179302.0,477005.0,1022829.0,-21679468.0,-530.1,2.0,1.0,1.5,1.0,
2324,2324,仁寶,電腦及週邊設備業,2026-09-03,38.75,6.02,-8.5,27.87,13.32,0.667,-2.52,3.89,6,13,143373699,94625463,0.462,1.515,84.76,49.22,True,37.31,11.74,False,47.75,-18.85,P+V+,P-V+,P+V+,➡️ 中性,多頭,頭頭高·底底高,空轉多預警,,57050309,69025557,85976.4,123997900.0,119695.0,7010497.0,131128092.0,5081.2,10.0,11.0,10.5,11.0,
6139,6139,亞翔,其他電子業,2026-09-03,712.0,-8.49,-11.04,31.76,11.0,0.333,-6.39,-12.21,6,13,2455021,2498258,0.462,0.983,64.24,40.76,False,789.25,10.6,False,957.52,-25.64,P-V-,P-V-,P+V-,⚠️ 主升段結束,空頭,頭頭低·底底低,,,1918937,2182028,37385.2,-6358571.0,-859244.0,163594.0,-7054221.0,-5022.6,1.0,2.0,1.5,1.0,
1802,1802,台玻,玻璃陶瓷,2026-09-03,58.6,10.36,-14.95,-12.8,-7.55,0.333,-1.01,7.33,11,8,38965105,29026268,1.375,1.342,98.11,51.59,True,58.5,14.15,False,81.2,-27.83,P+V+,P-V-,P-V-,🌱 底部剛翻多,空頭,頭頭低·底底低,,,52032128,37045562,40238.4,26486365.0,504056.0,848069.0,27838490.0,1631.3,1.0,1.0,1.0,1.0,
2834,2834,臺企銀,金融保險,2026-09-03,17.1,3.64,8.92,16.77,11.53,1.0,4.59,3.32,8,8,117976691,38226617,1.0,3.086,100.0,63.86,True,16.54,6.89,False,17.4,-1.72,P+V+,P+V+,P+V+,⭐⭐⭐ 完美多頭,多頭,頭頭高·底底高,多頭確認,,100436945,108468502,22732.4,-102538440.0,-11947366.0,948358.0,-113537448.0,-1941.5,16.0,1.0,8.5,12.0,剛爆發
1605,1605,華新,電器電纜,2026-09-03,37.6,8.83,-8.3,4.37,2.32,0.667,-3.34,9.78,11,9,34766647,28907525,1.222,1.203,93.91,52.18,True,35.53,10.39,False,45.83,-17.96,P+V+,P-V-,P+V-,➡️ 中性,收斂,頭頭低·底底高,空轉多預警,🎯 潛在暴漲,18345656,22475646,24766.5,137430988.0,539160.0,-1065234.0,136904914.0,5147.6,1.0,1.0,1.0,1.0,
1504,1504,東元,電機機械,2026-09-03,71.0,7.58,-16.05,-9.27,-6.76,0.333,-3.27,6.45,10,10,12062177,7917790,1.0,1.523,94.22,52.03,True,68.66,7.9,False,123.95,-42.72,P+V+,P-V-,P-V-,🌱 底部剛翻多,多頭,頭頭高·底底高,空轉多預警,,7350383,9339699,14266.0,24571411.0,3027506.0,353226.0,27952143.0,1984.6,7.0,2.0,4.5,4.0,
3702,3702,大聯大,電子通路業,2026-09-03,102.0,-13.83,-9.39,56.16,22.27,0.333,0.49,-15.89,5,12,10367155,12751565,0.417,0.813,61.14,42.97,False,108.35,11.63,False,126.1,-19.11,P-V+,P-V-,P+V+,⚠️ 中期出貨,多頭,頭頭高·底底高,空轉多預警,,10012190,11781815,26213.6,-28475392.0,-745474.0,-1284279.0,-30505145.0,-3111.5,1.0,2.0,1.5,1.0,
7750,7750,新代,電機機械,2026-09-03,2200.0,-5.58,-3.72,74.08,34.71,0.333,-10.2,-6.98,9,11,494625,306413,0.818,1.614,82.25,46.06,True,2183.4,17.65,False,3070.0,-28.34,P-V+,P-V-,P+V+,⚠️ 中期出貨,多頭,頭頭高·底底高,,,166391,381406,18639.1,-674080.0,331640.0,43160.0,-299280.0,-658.4,1.0,6.0,3.5,2.0,
6415,6415,矽力*-KY,電子工業,2026-09-03,411.0,-6.91,-27.89,51.87,17.23,0.333,-12.65,-7.64,11,9,3806531,3375271,1.222,1.128,78.43,39.32,False,476.57,19.72,False,694.0,-40.78,P-V-,P-V-,P+V+,😴 弱勢縮量,收斂,頭頭低·底底高,空轉多預警 / 空頭確認,,4188534,3795211,32429.1,1889730.0,-4150823.0,30053.0,-2231040.0,-917.0,29.0,36.0,32.5,35.0,吃老本
6805,6805,富世達,電子零組件業,2026-09-03,2095.0,26.33,6.28,20.9,18.6,1.0,-5.84,19.87,10,10,2512283,1675172,1.0,1.5,100.0,59.12,True,1655.08,37.18,False,2435.0,-13.96,P+V+,P+V-,P+V-,➡️ 中性,多頭,頭頭高·底底高,空轉多預警 / 多頭確認,,819238,2056473,82900.6,-1248923.0,5215859.0,-64002.0,3902934.0,8176.6,11.0,1.0,6.0,5.0,剛爆發
1402,1402,遠東新,紡織纖維,2026-09-03,29.1,5.82,10.78,4.7,6.5,1.0,2.46,7.78,11,8,19899047,14560116,1.375,1.367,100.0,58.56,True,27.58,9.49,False,30.65,-5.06,P+V-,P+V-,P+V+,⚠️ 頂部背離,多頭,頭頭高·底底高,空轉多預警,,10234040,15854663,9836.8,54886001.0,38353462.0,626827.0,93866290.0,2731.5,1.0,1.0,1.0,1.0,
6531,6531,愛普*,半導體業,2026-09-03,912.0,-4.1,-12.96,111.82,51.65,0.333,-0.55,1.33,10,10,2879241,3758883,1.0,0.766,78.99,52.65,True,876.22,20.03,False,1296.11,-29.64,P-V+,P-V-,P+V+,⚠️ 中期出貨,收斂,頭頭低·底底高,空轉多預警,🔥 追高風險,7907236,3721914,59584.5,3332089.0,-3471202.0,-28531.0,-167644.0,-152.9,2.0,2.0,2.0,2.0,
6789,6789,采鈺,電子工業,2026-09-03,465.5,11.63,-10.67,24.5,12.49,0.667,0.65,1.97,9,11,1705704,1395178,0.818,1.223,85.11,53.01,False,467.83,24.3,False,638.41,-27.08,P+V-,P-V-,P+V+,⚠️ 頂部背離,收斂,頭頭低·底底高,空轉多預警,,1943141,1971849,13992.4,295562.0,26657.0,21596.0,343815.0,160.0,31.0,27.0,29.0,31.0,
6919,6919,康霈*,生技醫療業,2026-09-03,84.5,-19.52,-12.34,-46.52,-31.23,0.0,-17.96,-21.4,6,13,5904430,12562660,0.462,0.47,45.13,29.71,False,103.63,34.11,False,277.0,-69.49,P-V+,P-V-,P-V-,➡️ 中性,多頭,頭頭高·底底高,空頭確認,,11243940,15962956,20185.9,-33780197.0,-56179.0,-151653.0,-33988029.0,-2872.0,2.0,2.0,2.0,2.0,
3532,3532,台勝科,電子工業,2026-09-03,381.0,21.92,31.21,181.79,104.18,1.0,-3.3,20.57,12,8,10229064,7189185,1.5,1.423,100.0,53.59,True,375.8,21.2,False,552.0,-30.98,P+V+,P+V+,P+V+,⭐⭐⭐ 完美多頭,空頭,頭頭低·底底低,多轉空預警,🔥 追高風險,5906492,8713302,65412.1,-140851.0,8961608.0,-705903.0,8114854.0,3091.8,3.0,1.0,2.0,3.0,
2347,2347,聯強,電子通路業,2026-09-03,86.4,-7.49,0.9,29.03,12.86,0.667,-0.46,-8.76,8,12,2938119,3393009,0.667,0.866,69.71,44.81,False,88.09,4.94,False,98.3,-12.11,P-V-,P+V+,P+V-,➡️ 中性,多頭,頭頭高·底底高,,,2656975,2349310,5707.4,2188987.0,2776320.0,-1138236.0,3827071.0,330.7,2.0,1.0,1.5,1.0,
2492,2492,華新科,電子零組件業,2026-09-03,271.5,8.17,-30.37,84.42,36.66,0.667,-4.74,5.85,9,11,32689257,31731025,0.818,1.03,81.92,44.37,False,338.38,23.33,False,641.59,-57.68,P+V+,P-V+,P+V+,➡️ 中性,收斂,頭頭低·底底高,空轉多預警,,21440414,27219131,186933.0,-44947542.0,2447776.0,-4159489.0,-46659255.0,-12668.0,9.0,11.0,10.0,10.0,
6442,6442,光聖,電子工業,2026-09-03,1770.0,33.58,-16.77,-24.19,-7.89,0.333,10.97,25.09,11,9,2749114,3269784,1.222,0.841,100.0,64.64,True,1465.67,30.17,False,2518.25,-29.71,P+V+,P-V-,P-V-,🌱 底部剛翻多,多頭,頭頭高·底底高,空轉多預警 / 多頭確認,,7563940,3108296,95568.2,-234184.0,1161046.0,188878.0,1115740.0,1974.9,52.0,1.0,26.5,27.0,剛爆發
2377,2377,微星,電腦及週邊設備業,2026-09-03,150.5,1.27,10.67,57.14,31.56,1.0,3.79,0.61,7,11,14258996,16933660,0.636,0.842,76.17,54.52,True,143.76,14.86,False,168.53,-10.7,P+V-,P+V-,P+V+,⚠️ 頂部背離,多頭,頭頭高·底底高,,,13480770,8530370,45200.4,21091801.0,2425271.0,-699552.0,22817520.0,3434.0,6.0,13.0,9.5,9.0,吃老本
2451,2451,創見,電子工業,2026-09-03,286.0,-3.7,-16.54,36.36,13.12,0.333,-4.03,-2.39,11,9,6838944,4657050,1.222,1.469,90.99,48.22,True,274.02,14.87,False,367.65,-22.21,P-V-,P-V-,P+V+,😴 弱勢縮量,擴散,頭頭高·底底低,,,4287441,6514905,35100.2,2375009.0,-540942.0,-191998.0,1642069.0,469.6,30.0,19.0,24.5,25.0,剛爆發
2027,2027,大成鋼,鋼鐵工業,2026-09-03,50.2,7.73,18.33,41.61,27.32,1.0,3.19,8.89,11,9,21440371,14503677,1.222,1.478,100.0,61.6,True,44.44,8.95,False,52.3,-4.02,P+V-,P+V-,P+V+,⚠️ 頂部背離,擴散,頭頭高·底底低,,,10955280,11937530,18026.6,64729210.0,-10527584.0,-4893426.0,49308200.0,2475.3,1.0,1.0,1.0,1.0,
2049,2049,上銀,電機機械,2026-09-03,344.5,-10.98,-3.21,36.96,14.93,0.333,-4.17,-4.83,8,11,6368897,5115457,0.727,1.245,78.13,46.96,True,340.28,11.11,False,423.53,-18.66,P-V+,P-V-,P+V+,⚠️ 中期出貨,多頭,頭頭高·底底高,空轉多預警,,3278406,3324643,42913.0,1975436.0,721930.0,-334221.0,2363145.0,814.1,4.0,8.0,6.0,6.0,
2610,2610,華航,航運業,2026-09-03,20.55,-8.67,7.35,7.62,3.48,0.667,-1.2,-7.22,9,9,23708056,42485460,1.0,0.558,69.95,48.43,False,21.08,4.88,False,23.81,-13.68,P-V-,P+V+,P+V+,➡️ 中性,空頭,頭頭低·底底低,,,17107957,24908892,13328.1,-142118727.0,8458899.0,-3051209.0,-136711037.0,-2809.4,5.0,5.0,5.0,5.0,
3026,3026,禾伸堂,電子零組件業,2026-09-03,638.0,19.25,3.24,458.37,234.81,1.0,-5.48,7.59,10,9,11014953,6649880,1.111,1.656,98.01,47.14,False,701.63,30.42,False,1045.0,-38.95,P+V+,P+V+,P+V+,⭐⭐⭐ 完美多頭,收斂,頭頭低·底底高,多轉空預警 / 空轉多預警,🔥 追高風險,6860301,10526977,126509.1,-12051195.0,3357850.0,-621995.0,-9315340.0,-5943.2,1.0,5.0,3.0,1.0,
3706,3706,神達,電腦及週邊設備業,2026-09-03,91.5,-0.22,-2.56,15.82,7.22,0.333,0.11,-1.51,9,11,12360392,9145597,0.818,1.352,85.06,50.0,True,90.4,6.61,False,109.0,-16.06,P-V-,P-V-,P+V-,⚠️ 主升段結束,多頭,頭頭高·底底高,空轉多預警,,14523821,10210141,19567.7,15281287.0,7388103.0,3792551.0,26461941.0,2421.3,12.0,10.0,11.0,12.0,
1102,1102,亞泥,水泥工業,2026-09-03,35.2,7.15,9.73,5.58,7.01,1.0,0.28,6.83,10,8,12661837,8696256,1.25,1.456,98.44,63.96,True,33.44,3.01,False,36.8,-4.34,P+V-,P+V+,P+V+,⚠️ 頂部背離,擴散,頭頭高·底底低,,,7242900,9114468,7221.2,36289303.0,6075253.0,-5474104.0,36890452.0,1298.5,1.0,2.0,1.5,1.0,
2812,2812,台中銀,金融保險,2026-09-03,19.45,4.29,9.18,1.58,4.16,1.0,3.18,5.14,12,4,15982420,8666978,3.0,1.844,100.0,67.39,True,18.81,5.25,False,21.36,-8.94,P+V-,P+V+,P+V+,⚠️ 頂部背離,空頭,頭頭低·底底低,多轉空預警 / 多頭確認,,26256127,15036278,4912.6,49151319.0,-6533331.0,511449.0,43129437.0,838.9,19.0,1.0,10.0,13.0,剛爆發
8210,8210,勤誠,電腦及週邊設備業,2026-09-03,948.0,-14.98,-32.53,2.58,-10.58,0.333,-1.25,-23.24,7,13,1360355,1662721,0.538,0.818,57.95,39.97,False,1092.12,8.68,False,1573.2,-39.74,P-V+,P-V-,P+V-,➡️ 中性,擴散,頭頭高·底底低,,,917005,1282409,31174.2,288841.0,-3109516.0,91349.0,-2729326.0,-2587.4,14.0,14.0,14.0,14.0,
6285,6285,啟碁,電子工業,2026-09-03,233.5,0.21,-19.79,28.69,9.45,0.667,-4.69,-5.47,7,13,5490888,4510265,0.538,1.217,74.22,44.38,False,244.56,12.26,False,330.92,-29.44,P+V-,P-V-,P+V+,⚠️ 頂部背離,收斂,頭頭低·底底高,空轉多預警,,3514655,4084903,23728.2,3246701.0,-1090788.0,-83681.0,2072232.0,483.9,38.0,43.0,40.5,46.0,
3406,3406,玉晶光,電子工業,2026-09-03,991.0,81.5,54.22,133.37,100.62,1.0,18.82,81.17,12,6,6139474,2993200,2.0,2.051,100.0,77.15,True,632.25,53.97,False,1090.0,-9.08,P+V+,P+V+,P+V+,⭐⭐⭐ 完美多頭,擴散,頭頭高·底底低,多頭確認,🔥 追高風險,2320335,6843072,85847.6,2792320.0,7471262.0,134963.0,10398545.0,10305.0,4.0,1.0,2.5,4.0,
2474,2474,可成,其他電子業,2026-09-03,206.5,10.13,-11.63,12.26,5.75,0.667,-0.48,10.13,8,7,4132149,2613827,1.143,1.581,100.0,57.28,True,196.13,5.79,False,256.86,-19.61,P+V+,P-V-,P+V+,➡️ 中性,多頭,頭頭高·底底高,空轉多預警,,3305364,2875844,13101.0,1772476.0,1055777.0,-759026.0,2069227.0,427.3,2.0,1.0,1.5,1.0,
8996,8996,高力,電機機械,2026-09-03,1185.0,13.4,5.8,35.54,22.57,1.0,-9.54,4.41,7,11,3942611,3215551,0.636,1.226,79.83,51.18,True,1165.44,19.97,False,1680.0,-29.46,P+V+,P+V-,P+V-,➡️ 中性,收斂,頭頭低·底底高,空轉多預警,,4444456,3776231,81106.5,-12624080.0,6663210.0,494465.0,-5466405.0,-6477.7,2.0,7.0,4.5,4.0,
8464,8464,億豐,居家生活,2026-09-03,367.5,-3.54,10.86,-1.79,0.94,0.333,-0.27,-3.8,6,13,460148,425183,0.462,1.082,73.48,47.3,False,369.43,4.2,False,455.64,-19.34,P-V-,P+V-,P-V-,➡️ 中性,多頭,頭頭高·底底高,,,124530,290120,3241.4,154668.0,365457.0,-3633.0,516492.0,189.8,1.0,1.0,1.0,1.0,
6196,6196,帆宣,電子工業,2026-09-03,500.0,1.32,0.4,69.81,35.33,1.0,0.5,-1.57,8,12,1331844,970485,0.667,1.372,83.27,49.72,False,518.71,12.26,False,607.0,-17.63,P+V-,P+V-,P+V-,⚠️ 量能衰竭,收斂,頭頭低·底底高,多轉空預警 / 空轉多預警,,2813205,1161011,11141.3,2196179.0,-620531.0,-102952.0,1472696.0,736.3,14.0,31.0,22.5,18.0,吃老本
5269,5269,祥碩,電子工業,2026-09-03,1440.0,2.86,-5.36,15.63,7.19,0.667,-1.71,2.13,8,11,547515,460625,0.727,1.189,82.3,52.2,True,1421.68,7.64,False,1720.21,-16.29,P+V-,P-V-,P+V+,⚠️ 頂部背離,收斂,頭頭低·底底高,空轉多預警,,492764,396978,14598.9,265724.0,38768.0,183380.0,487872.0,702.5,41.0,32.0,36.5,42.0,剛爆發
1503,1503,士電,電機機械,2026-09-03,201.0,3.88,-23.18,-8.91,-9.28,0.333,-5.41,2.81,10,9,1913221,1580806,1.111,1.21,87.37,48.58,False,205.96,9.58,False,263.13,-23.61,P+V-,P-V-,P-V-,➡️ 中性,空頭,頭頭低·底底低,,,1458207,2091463,6967.8,2589848.0,-57398.0,45868.0,2578318.0,518.2,8.0,5.0,6.5,7.0,
1560,1560,中砂,電機機械,2026-09-03,711.0,7.4,-0.03,41.46,22.57,0.667,3.04,2.6,10,10,1317620,1026218,1.0,1.284,90.25,53.2,True,694.93,13.25,False,784.74,-9.4,P+V-,P-V-,P+V-,⚠️ 量能背離,收斂,頭頭低·底底高,多轉空預警 / 空轉多預警,,1239037,861974,16637.1,1944159.0,-1379471.0,-202099.0,362589.0,257.8,2.0,3.0,2.5,1.0,
6526,6526,達發,電子工業,2026-09-03,630.0,0.8,-6.46,16.42,6.8,0.667,3.28,-1.1,9,10,290868,643756,0.9,0.452,72.06,54.95,True,609.98,24.25,False,771.51,-18.34,P+V-,P-V-,P+V+,⚠️ 頂部背離,收斂,頭頭低·底底高,空轉多預警,,540816,625759,5773.6,180736.0,-166335.0,-1241.0,13160.0,8.3,42.0,46.0,44.0,49.0,
6257,6257,矽格,電子工業,2026-09-03,209.0,4.76,-6.88,54.97,26.95,0.667,2.45,0.97,7,9,8454416,6671545,0.778,1.267,85.4,50.29,False,215.68,18.3,False,275.15,-24.04,P+V+,P-V-,P+V+,➡️ 中性,收斂,頭頭低·底底高,多轉空預警 / 空轉多預警,,9404885,8349036,28818.8,-17854240.0,-4944604.0,-154764.0,-22953608.0,-4797.3,19.0,26.0,22.5,18.0,吃老本
2542,2542,興富發,建材營造,2026-09-03,48.65,9.82,12.88,29.56,20.45,1.0,1.88,10.32,14,6,9091477,6250123,2.333,1.455,100.0,65.79,True,45.0,5.22,False,49.0,-0.71,P+V+,P+V+,P+V+,⭐⭐⭐ 完美多頭,擴散,頭頭高·底底低,,,10265491,6777887,7784.1,31558898.0,19828351.0,1076741.0,52463990.0,2552.4,1.0,1.0,1.0,1.0,
2105,2105,正新,橡膠工業,2026-09-03,30.7,-2.23,-6.17,6.82,1.31,0.333,-1.29,-0.97,11,9,4853927,5841089,1.222,0.831,81.78,44.33,False,31.38,4.66,False,37.17,-17.4,P-V-,P-V-,P+V+,😴 弱勢縮量,收斂,頭頭低·底底高,,,3159867,3899688,3294.2,-10094715.0,-683102.0,-1419184.0,-12197001.0,-374.4,1.0,1.0,1.0,1.0,
5434,5434,崇越,電子工業,2026-09-03,527.0,5.61,16.26,61.44,36.19,1.0,-1.13,3.54,7,12,1018749,654179,0.583,1.557,87.67,50.98,True,524.64,7.4,False,602.0,-12.46,P+V-,P+V+,P+V+,⚠️ 頂部背離,收斂,頭頭低·底底高,多轉空預警 / 空轉多預警,,681526,550731,8104.5,-1775947.0,542392.0,-72395.0,-1305950.0,-688.2,13.0,25.0,19.0,14.0,吃老本
6949,6949,沛爾生醫-創,生技醫療業,2026-09-03,1490.0,58.01,131.01,115.94,105.22,1.0,0.0,52.51,10,3,364653,229101,3.333,1.592,100.0,84.52,True,1046.72,24.69,False,1490.0,0.0,P+V-,P+V+,P+V+,⚠️ 頂部背離,擴散,頭頭高·底底低,,🔥 追高風險,0,226948,5360.1,740050.0,0.0,-466258.0,273792.0,408.0,1.0,1.0,1.0,1.0,
1717,1717,長興,化學生技醫療,2026-09-03,76.8,16.01,0.52,14.73,11.5,1.0,1.32,16.01,12,7,23086936,17869643,1.714,1.292,100.0,55.75,True,70.43,20.66,False,89.9,-14.57,P+V+,P+V-,P+V+,➡️ 中性,收斂,頭頭低·底底高,多轉空預警 / 空轉多預警,,18619658,23549014,31510.6,47894719.0,4956531.0,622101.0,53473351.0,4106.8,2.0,1.0,1.5,1.0,
2467,2467,志聖,電子零組件業,2026-09-03,595.0,19.0,-4.05,70.15,38.82,0.667,1.71,14.64,10,9,1486903,1210931,1.111,1.228,97.62,55.88,True,558.36,23.65,False,685.49,-13.2,P+V-,P-V-,P+V-,⚠️ 量能背離,收斂,頭頭低·底底高,多轉空預警 / 空轉多預警,,1044235,1205489,15168.9,2720644.0,-300019.0,-27708.0,2392917.0,1423.8,8.0,6.0,7.0,7.0,
2353,2353,宏碁,電腦及週邊設備業,2026-09-03,31.25,3.31,-17.31,19.3,6.15,0.667,0.16,4.17,12,8,19016013,16156768,1.5,1.177,95.66,51.2,True,30.96,7.03,False,42.72,-26.85,P+V-,P-V-,P+V+,⚠️ 頂部背離,收斂,頭頭低·底底高,空轉多預警,,19805953,11462630,11227.6,50591155.0,7778186.0,2443725.0,60813066.0,1900.4,13.0,9.0,11.0,12.0,
6781,6781,AES-KY,電子工業,2026-09-03,1060.0,-7.42,-6.7,-8.67,-7.87,0.0,-7.02,-2.75,7,13,1025718,676437,0.538,1.516,80.15,47.06,False,1072.14,13.73,False,1529.51,-30.7,P-V+,P-V-,P-V-,➡️ 中性,收斂,頭頭低·底底高,多轉空預警 / 空轉多預警,,620535,634367,18033.1,1410751.0,17818.0,-13504.0,1415065.0,1500.0,51.0,33.0,42.0,47.0,剛爆發
3450,3450,聯鈞,電子工業,2026-09-03,554.0,16.14,6.75,82.6,47.02,1.0,-4.15,12.72,10,10,12501908,10863111,1.0,1.151,91.11,51.75,True,499.92,29.29,False,653.0,-15.16,P+V+,P+V-,P+V-,➡️ 中性,多頭,頭頭高·底底高,空轉多預警,,2495020,13792003,132869.6,3946569.0,7836904.0,544325.0,12327798.0,6829.6,10.0,18.0,14.0,7.0,吃老本
2838,2838,聯邦銀,金融保險,2026-09-03,20.65,0.24,4.75,11.54,7.02,1.0,1.23,0.98,11,7,1919041,2263704,1.571,0.848,89.48,57.62,False,20.66,4.18,False,22.99,-10.18,P+V-,P+V+,P+V-,⚠️ 量能背離,空頭,頭頭低·底底低,多頭確認,,2869519,1994802,822.1,-5927264.0,-9134.0,608630.0,-5327768.0,-110.0,18.0,18.0,18.0,19.0,
2354,2354,鴻準,電子工業,2026-09-03,63.7,3.07,5.11,11.18,7.64,1.0,-1.09,4.43,10,8,23753776,12447695,1.25,1.908,100.0,58.61,True,58.44,12.67,False,73.34,-13.15,P+V+,P+V-,P+V-,➡️ 中性,多頭,頭頭高·底底高,空轉多預警,,17639145,13787630,21632.3,45961189.0,-68835.0,1466514.0,47358868.0,3016.8,40.0,1.0,20.5,15.0,剛爆發
6409,6409,旭隼,電子工業,2026-09-03,972.0,-4.24,19.57,13.39,10.53,0.667,-6.99,-3.76,10,10,506390,448029,1.0,1.13,79.73,44.67,False,1015.82,11.11,False,1329.16,-26.87,P-V-,P+V+,P+V+,➡️ 中性,收斂,頭頭低·底底高,多轉空預警 / 空轉多預警,,399622,346938,9754.1,-331358.0,273597.0,-15537.0,-73298.0,-71.2,35.0,34.0,34.5,39.0,
7610,7610,聯友金屬-創,綠能環保,2026-09-03,1655.0,-10.54,14.83,507.48,254.81,0.667,3.76,-5.43,9,11,565086,476143,0.818,1.187,81.29,49.94,False,1800.76,23.42,False,2640.0,-37.31,P-V-,P+V-,P+V-,➡️ 中性,空頭,頭頭低·底底低,多轉空預警,🔥 追高風險,1044840,609887,17251.5,375155.0,0.0,39058.0,414213.0,685.5,1.0,1.0,1.0,1.0,
2455,2455,全新,電子工業,2026-09-03,525.0,44.23,31.48,121.16,79.51,1.0,21.25,41.13,12,8,15002906,9636483,1.5,1.557,100.0,71.39,True,364.93,39.5,False,555.0,-5.41,P+V+,P+V-,P+V+,➡️ 中性,多頭,頭頭高·底底高,多頭確認,🔥 追高風險,21142143,14498427,116656.5,9047695.0,8687057.0,163977.0,17898729.0,9396.8,5.0,1.0,3.0,5.0,
3006,3006,晶豪科,電子工業,2026-09-03,277.0,7.99,13.59,63.71,37.25,1.0,1.09,7.36,10,10,12357002,14468753,1.0,0.854,84.8,57.24,True,235.94,22.69,False,309.5,-10.5,P+V+,P+V-,P+V+,➡️ 中性,多頭,頭頭高·底底高,空轉多預警,,41471177,17238363,72852.2,-1954809.0,192285.0,-612077.0,-2374601.0,-657.8,12.0,30.0,21.0,16.0,吃老本
8039,8039,台虹,電子零組件業,2026-09-03,293.0,23.37,111.61,179.16,123.33,1.0,-16.88,35.65,9,11,35328179,40390506,0.818,0.875,92.22,55.89,True,220.72,33.79,False,364.0,-19.51,P+V+,P+V+,P+V+,⭐⭐⭐ 完美多頭,多頭,頭頭高·底底高,多頭確認,🔥 追高風險,38787259,44095896,217954.5,-13386436.0,3675073.0,-1434123.0,-11145486.0,-3265.6,3.0,8.0,5.5,3.0,
1476,1476,儒鴻,紡織纖維,2026-09-03,313.5,-9.65,-9.82,-20.91,-15.32,0.0,-0.16,-13.99,6,14,1253789,1240187,0.429,1.011,65.66,41.42,False,329.47,4.61,False,449.48,-30.25,P-V-,P-V+,P-V+,➡️ 中性,擴散,頭頭高·底底低,,,1117608,770399,8017.5,-3727683.0,768967.0,-281976.0,-3240692.0,-1016.0,2.0,2.0,2.0,2.0,
1513,1513,中興電,電機機械,2026-09-03,162.5,3.17,-9.95,-1.81,-2.6,0.333,-4.69,1.25,10,9,4310923,2404121,1.111,1.793,96.92,46.96,False,164.0,6.64,False,193.97,-16.22,P+V+,P-V-,P-V+,➡️ 中性,多頭,頭頭高·底底高,空轉多預警,,2159960,2572369,11147.9,17187347.0,-463929.0,356055.0,17079473.0,2775.4,6.0,1.0,3.5,2.0,
6691,6691,洋基工程,電子工業,2026-09-03,603.0,-6.7,7.99,1.29,0.97,0.667,-3.52,-5.02,7,11,665614,751271,0.636,0.886,70.63,44.61,False,627.14,8.63,False,733.37,-17.78,P-V-,P+V+,P+V-,➡️ 中性,收斂,頭頭低·底底高,空轉多預警,,405605,611076,8692.8,-4152788.0,406501.0,-21546.0,-3767833.0,-2272.0,45.0,48.0,46.5,50.0,
2385,2385,群光,電子零組件業,2026-09-03,107.5,5.91,-22.67,-10.09,-9.24,0.333,-0.46,3.86,12,7,3106951,2271088,1.714,1.368,100.0,52.6,True,105.48,5.6,False,141.87,-24.22,P+V-,P-V+,P-V+,➡️ 中性,多頭,頭頭高·底底高,,,3395262,2622221,5921.8,14427800.0,-1720581.0,-634505.0,12072714.0,1297.8,14.0,1.0,7.5,8.0,剛爆發
2855,2855,統一證,金融保險,2026-09-03,50.6,13.71,-4.97,70.4,37.39,0.667,5.86,12.2,13,6,3821886,3416747,2.167,1.119,100.0,66.41,True,46.99,11.28,False,57.37,-11.81,P+V-,P-V-,P+V+,⚠️ 頂部背離,收斂,頭頭低·底底高,多轉空預警 / 空轉多預警 / 多頭確認,,6780978,3760042,3476.4,-7450100.0,14714940.0,0.0,7264840.0,367.6,4.0,1.0,2.5,4.0,
9945,9945,潤泰新,其他,2026-09-03,28.25,5.61,16.96,-1.26,5.01,0.667,-1.22,7.21,10,10,9741520,6977258,1.0,1.396,93.27,53.16,True,27.05,8.59,False,30.85,-8.43,P+V+,P+V+,P-V+,🚀 健康多頭,多頭,頭頭高·底底高,空轉多預警,🎯 潛在暴漲,4096600,6134687,4845.2,15203814.0,-3983024.0,482684.0,11703474.0,330.6,2.0,1.0,1.5,1.0,
1229,1229,聯華,食品工業,2026-09-03,42.1,3.57,4.36,0.28,2.12,1.0,-0.12,3.69,11,8,1996073,1483004,1.375,1.346,96.35,57.65,True,40.98,2.5,True,48.04,-12.36,P+V-,P+V-,P+V+,⚠️ 頂部背離,多頭,頭頭高·底底高,,,2293922,1603815,1451.2,7151658.0,1746596.0,251089.0,9149343.0,385.2,2.0,1.0,1.5,1.0,
6005,6005,群益證,金融保險,2026-09-03,32.35,9.55,-12.64,20.8,9.63,0.667,4.02,7.33,11,8,6367373,7972955,1.375,0.799,90.61,63.99,True,30.81,9.62,False,39.74,-18.59,P+V-,P-V-,P+V+,⚠️ 頂部背離,多頭,頭頭高·底底高,多頭確認,,8430522,5470435,4324.4,-22817419.0,-3173374.0,0.0,-25990793.0,-840.8,17.0,17.0,17.0,18.0,
3023,3023,信邦,電子工業,2026-09-03,325.0,5.52,7.38,38.94,22.7,1.0,1.56,3.89,7,12,1276163,803591,0.583,1.588,89.5,58.06,True,307.64,9.86,False,342.38,-5.08,P+V-,P+V-,P+V+,⚠️ 頂部背離,收斂,頭頭低·底底高,多轉空預警 / 空轉多預警,,2083170,845484,6048.7,5255051.0,-459086.0,-1134476.0,3661489.0,1190.0,23.0,20.0,21.5,17.0,
9904,9904,寶成,運動休閒,2026-09-03,24.55,2.72,-1.91,-15.92,-7.76,0.333,-1.01,3.37,9,11,18484727,14491769,0.818,1.276,86.21,49.37,True,24.35,5.43,False,30.72,-20.07,P+V-,P-V+,P-V+,➡️ 中性,擴散,頭頭高·底底低,,,8241631,12657668,8048.1,-14426283.0,598349.0,698591.0,-13129343.0,-322.3,1.0,1.0,1.0,1.0,
3005,3005,神基,電子工業,2026-09-03,113.0,-1.74,2.73,-3.72,-1.62,0.333,-2.59,-2.16,5,8,4860641,2754732,0.625,1.764,87.92,44.51,True,112.64,5.17,False,158.55,-28.73,P-V-,P+V-,P-V+,➡️ 中性,多頭,頭頭高·底底高,空頭確認,,2642639,1957023,7346.1,3433148.0,-156224.0,-595437.0,2681487.0,303.0,47.0,23.0,35.0,40.0,剛爆發
6944,6944,兆聯實業,綠能環保,2026-09-03,695.0,-9.86,-1.14,26.48,10.49,0.333,-2.93,-12.47,7,13,206063,261983,0.538,0.787,63.19,40.76,False,741.07,5.76,False,839.29,-17.19,P-V-,P-V-,P+V-,⚠️ 主升段結束,收斂,頭頭低·底底高,多轉空預警 / 空轉多預警 / 空頭確認,,399575,223182,3545.6,-1072805.0,-162707.0,27458.0,-1208054.0,-839.6,2.0,2.0,2.0,2.0,
