代號,公司,板塊,子產業,最近連續正成長季數,近20季正成長季數,最近連續負成長季數,可比季數,最新季YoY%,最新季,TTM營收(十億)
ABNB,Airbnb,Consumer Discretionary,"Hotels, Resorts & Cruise Lines",20,20,0,20,16.54,2026-06-30,13.16
ADBE,Adobe Inc.,Information Technology,Application Software,20,20,0,20,12.89,2026-08-28,25.97
ADP,Automatic Data Processing,Industrials,Human Resource & Employment Services,20,20,0,20,6.77,2026-06-30,21.95
ADSK,Autodesk,Information Technology,Application Software,20,20,0,20,16.05,2026-07-31,7.79
AKAM,Akamai Technologies,Information Technology,Internet Services & Infrastructure,20,20,0,20,5.38,2026-06-30,4.32
AMZN,Amazon,Consumer Discretionary,Broadline Retail,20,20,0,20,19.62,2026-06-30,775.68
ANET,Arista Networks,Information Technology,Communications Equipment,20,20,0,20,37.69,2026-06-30,10.54
ARES,Ares Management,Financials,Asset Management & Custody Banks,20,20,0,20,24.29,2026-06-30,5.3
AVGO,Broadcom,Information Technology,Semiconductors,20,20,0,20,85.5,2026-08-02,89.1
AXP,American Express,Financials,Consumer Finance,20,20,0,20,9.97,2026-06-30,75.95
BKNG,Booking Holdings,Consumer Discretionary,"Hotels, Resorts & Cruise Lines",20,20,0,20,8.15,2026-06-30,28.24
BRO,Brown & Brown,Financials,Insurance Brokers,20,20,0,20,30.43,2026-06-30,6.79
BSX,Boston Scientific,Health Care,Health Care Equipment,20,20,0,20,7.53,2026-06-30,21.0
BXP,"BXP, Inc.",Real Estate,Office REITs,20,20,0,20,3.14,2026-06-30,3.52
CCL,Carnival Corporation,Consumer Discretionary,"Hotels, Resorts & Cruise Lines",20,20,0,20,5.29,2026-05-31,27.31
CI,Cigna,Health Care,Health Care Services,20,20,0,20,6.68,2026-06-30,282.38
CMG,Chipotle Mexican Grill,Consumer Discretionary,Restaurants,20,20,0,20,9.31,2026-06-30,12.42
CNC,Centene Corporation,Health Care,Managed Health Care,20,20,0,20,9.92,2026-06-30,202.94
COF,Capital One,Financials,Consumer Finance,20,20,0,20,26.88,2026-06-30,62.02
COO,Cooper Companies (The),Health Care,Health Care Supplies,20,20,0,20,0.56,2026-07-31,4.24
COR,Cencora,Health Care,Health Care Distributors,20,20,0,20,5.07,2026-06-30,332.77
COST,Costco,Consumer Staples,Consumer Staples Merchandise Retail,20,20,0,20,11.58,2026-05-10,270.64
CPAY,Corpay,Financials,Transaction & Payment Processing Services,20,20,0,20,21.49,2026-06-30,5.02
CRM,Salesforce,Information Technology,Application Software,20,20,0,20,10.83,2026-07-31,43.94
CRWD,CrowdStrike,Information Technology,Systems Software,20,20,0,20,25.83,2026-07-31,5.4
CSGP,CoStar Group,Real Estate,Real Estate Services,20,20,0,20,18.44,2026-06-30,3.56
CTAS,Cintas,Industrials,Diversified Support Services,20,20,0,20,8.9,2026-05-31,11.26
CVS,CVS Health,Health Care,Health Care Services,20,20,0,20,7.26,2026-06-30,415.09
DASH,DoorDash,Consumer Discretionary,Specialized Consumer Services,20,20,0,20,35.63,2026-06-30,15.89
DDOG,Datadog,Information Technology,Application Software,20,20,0,20,35.64,2026-06-30,3.97
DECK,Deckers Brands,Consumer Discretionary,Footwear,20,20,0,20,5.7,2026-06-30,5.53
DRI,Darden Restaurants,Consumer Discretionary,Restaurants,20,20,0,20,13.67,2026-05-31,13.21
DXCM,Dexcom,Health Care,Health Care Equipment,20,20,0,20,13.08,2026-06-30,4.97
ELV,Elevance Health,Health Care,Managed Health Care,20,20,0,20,1.4,2026-06-30,201.11
EME,Emcor,Industrials,Construction & Engineering,20,20,0,20,19.76,2026-06-30,18.6
ERIE,Erie Indemnity,Financials,Insurance Brokers,20,20,0,20,2.8,2026-06-30,4.12
EXPE,Expedia Group,Consumer Discretionary,"Hotels, Resorts & Cruise Lines",20,20,0,20,13.97,2026-06-30,15.7
EXR,Extra Space Storage,Real Estate,Self-Storage REITs,20,20,0,20,3.87,2026-06-30,3.45
FAST,Fastenal,Industrials,Trading Companies & Distributors,20,20,0,20,14.74,2026-06-30,8.75
FDS,FactSet,Financials,Financial Exchanges & Data,20,20,0,20,6.39,2026-05-31,2.44
FISV,Fiserv,Financials,Transaction & Payment Processing Services,20,20,0,20,0.63,2025-12-31,21.19
FRT,Federal Realty Investment Trust,Real Estate,Retail REITs,20,20,0,20,10.33,2026-03-31,1.31
FTNT,Fortinet,Information Technology,Systems Software,20,20,0,20,25.64,2026-06-30,7.53
GDDY,GoDaddy,Information Technology,Internet Services & Infrastructure,20,20,0,20,6.6,2026-06-30,5.1
GEN,Gen Digital,Information Technology,Systems Software,20,20,0,20,6.28,2026-07-03,5.08
GL,Globe Life,Financials,Life & Health Insurance,20,20,0,20,8.0,2026-06-30,6.19
GOOG,Alphabet Inc. (Class C),Communication Services,Interactive Media & Services,20,20,0,20,24.23,2026-06-30,445.87
GOOGL,Alphabet Inc. (Class A),Communication Services,Interactive Media & Services,20,20,0,20,24.23,2026-06-30,445.87
GPC,Genuine Parts Company,Consumer Discretionary,Distributors,20,20,0,20,6.04,2026-06-30,25.07
GWW,W. W. Grainger,Industrials,Industrial Machinery & Supplies & Components,20,20,0,20,10.25,2026-06-30,18.84
HLT,Hilton Worldwide,Consumer Discretionary,"Hotels, Resorts & Cruise Lines",20,20,0,20,6.5,2026-06-30,12.48
HST,Host Hotels & Resorts,Real Estate,Hotel & Resort REITs,20,20,0,20,3.4,2026-06-30,6.22
HUM,Humana,Health Care,Managed Health Care,20,20,0,20,23.47,2026-03-31,137.2
HWM,Howmet Aerospace,Industrials,Aerospace & Defense,20,20,0,20,24.06,2026-06-30,9.12
IDXX,Idexx Laboratories,Health Care,Health Care Equipment,20,20,0,20,9.66,2026-06-30,4.55
INCY,Incyte,Health Care,Biotechnology,20,20,0,20,20.87,2026-03-31,5.36
INVH,Invitation Homes,Real Estate,Single-Family Residential REITs,20,20,0,20,9.71,2026-06-30,2.86
IQV,IQVIA,Health Care,Life Sciences Tools & Services,20,20,0,20,8.41,2026-03-31,16.63
IR,Ingersoll Rand,Industrials,Industrial Machinery & Supplies & Components,20,20,0,20,8.52,2026-06-30,7.94
ISRG,Intuitive Surgical,Health Care,Health Care Equipment,20,20,0,20,18.54,2026-06-30,11.03
JKHY,Jack Henry & Associates,Financials,Transaction & Payment Processing Services,20,20,0,20,4.66,2026-06-30,2.54
KDP,Keurig Dr Pepper,Consumer Staples,Soft Drinks & Non-alcoholic Beverages,20,20,0,20,75.57,2026-06-30,20.09
KIM,Kimco Realty,Real Estate,Retail REITs,20,20,0,20,4.88,2026-06-30,2.19
MA,Mastercard,Financials,Transaction & Payment Processing Services,20,20,0,20,14.07,2026-06-30,35.08
MAA,Mid-America Apartment Communities,Real Estate,Multi-Family Residential REITs,20,20,0,20,0.81,2026-03-31,2.21
MAR,Marriott International,Consumer Discretionary,"Hotels, Resorts & Cruise Lines",20,20,0,20,4.85,2026-06-30,26.9
MCK,McKesson Corporation,Health Care,Health Care Distributors,20,20,0,20,7.72,2026-06-30,410.98
MSCI,MSCI,Financials,Financial Exchanges & Data,20,20,0,20,12.2,2026-06-30,3.33
MSFT,Microsoft,Information Technology,Systems Software,20,20,0,20,17.75,2026-06-30,331.84
MSI,Motorola Solutions,Information Technology,Communications Equipment,20,20,0,20,13.31,2026-07-04,12.24
NFLX,Netflix,Communication Services,Movies & Entertainment,20,20,0,20,13.37,2026-06-30,48.37
NOW,ServiceNow,Information Technology,Systems Software,20,20,0,20,24.01,2026-06-30,14.73
O,Realty Income,Real Estate,Retail REITs,20,20,0,20,9.74,2026-06-30,6.05
ORCL,Oracle Corporation,Information Technology,Application Software,20,20,0,20,29.61,2026-08-31,71.78
ORLY,O'Reilly Automotive,Consumer Discretionary,Automotive Retail,20,20,0,20,8.11,2026-06-30,18.57
PANW,Palo Alto Networks,Information Technology,Systems Software,20,20,0,20,34.46,2026-07-31,11.48
PAYX,Paychex,Industrials,Human Resource & Employment Services,20,20,0,20,5.88,2026-08-31,6.6
PLTR,Palantir Technologies,Information Technology,Application Software,20,20,0,20,92.83,2026-06-30,6.16
PODD,Insulet Corporation,Health Care,Health Care Equipment,20,20,0,20,23.51,2026-06-30,3.05
PSA,Public Storage,Real Estate,Self-Storage REITs,20,20,0,20,2.65,2026-06-30,4.89
PWR,Quanta Services,Industrials,Construction & Engineering,20,20,0,20,41.1,2026-06-30,32.91
PYPL,PayPal,Financials,Transaction & Payment Processing Services,20,20,0,20,7.21,2026-03-31,33.73
RJF,Raymond James Financial,Financials,Investment Banking & Brokerage,20,20,0,20,13.53,2026-06-30,16.99
RL,Ralph Lauren Corporation,Consumer Discretionary,"Apparel, Accessories & Luxury Goods",20,20,0,20,14.0,2026-06-27,8.36
RMD,ResMed|,Health Care,Health Care Equipment,20,20,0,20,8.58,2026-06-30,5.65
ROL,"Rollins, Inc.",Industrials,Environmental & Facilities Services,20,20,0,20,7.91,2026-06-30,3.92
RSG,Republic Services,Industrials,Environmental & Facilities Services,20,20,0,20,3.97,2026-06-30,19.33
SPG,Simon Property Group,Real Estate,Retail REITs,20,20,0,20,19.5,2026-06-30,6.94
SPGI,S&P Global,Financials,Financial Exchanges & Data,20,20,0,20,10.43,2026-03-31,15.73
SYK,Stryker Corporation,Health Care,Health Care Equipment,20,20,0,20,9.42,2026-06-30,25.84
SYY,Sysco,Consumer Staples,Food Distributors,20,20,0,20,4.66,2026-06-27,84.55
TDG,TransDigm Group,Industrials,Aerospace & Defense,20,20,0,20,22.53,2026-06-27,10.01
TRV,Travelers Companies (The),Financials,Property & Casualty Insurance,20,20,0,20,0.31,2026-06-30,48.98
TT,Trane Technologies,Industrials,Building Products,20,20,0,20,10.56,2026-06-30,22.21
TYL,Tyler Technologies,Information Technology,Application Software,20,20,0,20,8.22,2026-06-30,2.43
UAL,United Airlines Holdings,Industrials,Passenger Airlines,20,20,0,20,15.99,2026-06-30,62.9
UBER,Uber,Industrials,Passenger Ground Transportation,20,20,0,20,12.17,2026-06-30,55.23
UDR,"UDR, Inc.",Real Estate,Multi-Family Residential REITs,20,20,0,20,0.92,2026-03-31,1.72
UHS,Universal Health Services,Health Care,Health Care Facilities,20,20,0,20,8.27,2026-06-30,18.11
UNH,UnitedHealth Group,Health Care,Managed Health Care,20,20,0,20,0.37,2026-06-30,450.13
URI,United Rentals,Industrials,Trading Companies & Distributors,20,20,0,20,7.15,2026-03-31,16.36
V,Visa Inc.,Financials,Transaction & Payment Processing Services,20,20,0,20,17.05,2026-03-31,43.03
VEEV,Veeva Systems,Health Care,Health Care Technology,20,20,0,20,17.6,2026-07-31,3.46
VICI,Vici Properties,Real Estate,Hotel & Resort REITs,20,20,0,20,5.71,2026-06-30,4.1
VRSN,Verisign,Information Technology,Internet Services & Infrastructure,20,20,0,20,6.03,2026-06-30,1.71
VRT,Vertiv,Industrials,Electrical Components & Equipment,20,20,0,20,24.12,2026-06-30,11.48
VRTX,Vertex Pharmaceuticals,Health Care,Biotechnology,20,20,0,20,12.45,2026-06-30,12.59
VTR,Ventas,Real Estate,Health Care REITs,20,20,0,20,21.73,2026-06-30,6.44
WAB,Wabtec,Industrials,Construction Machinery & Heavy Transportation Equipment,20,20,0,20,17.48,2026-06-30,11.98
WDAY,"Workday, Inc.",Information Technology,Application Software,20,20,0,20,12.82,2026-07-31,10.15
WM,Waste Management,Industrials,Environmental & Facilities Services,20,20,0,20,3.95,2026-06-30,25.67
WMT,Walmart,Consumer Staples,Consumer Staples Merchandise Retail,20,20,0,20,5.94,2026-07-31,735.84
ESS,Essex Property Trust,Real Estate,Multi-Family Residential REITs,19,19,0,20,4.09,2026-06-30,1.93
FICO,Fair Isaac,Information Technology,Application Software,19,19,0,20,25.68,2026-06-30,2.39
RCL,Royal Caribbean Group,Consumer Discretionary,"Hotels, Resorts & Cruise Lines",19,19,0,20,6.48,2026-06-30,18.68
WELL,Welltower,Real Estate,Health Care REITs,19,19,0,20,38.33,2026-03-31,11.77
AXON,Axon Enterprise,Industrials,Aerospace & Defense,18,19,0,20,35.28,2026-06-30,3.22
AZO,AutoZone,Consumer Discretionary,Automotive Retail,18,19,0,20,8.44,2026-05-09,18.21
ROP,Roper Technologies,Information Technology,Electronic Equipment & Instruments,18,19,0,20,8.5,2026-06-30,8.28
XYL,Xylem Inc.,Industrials,Industrial Machinery & Supplies & Components,18,19,0,20,1.52,2026-06-30,9.13
CB,Chubb Limited,Financials,Property & Casualty Insurance,16,19,0,20,10.63,2026-03-31,60.82
ETN,Eaton Corporation,Industrials,Electrical Components & Equipment,16,19,0,20,21.39,2026-06-30,30.02
INTU,Intuit,Information Technology,Application Software,16,19,0,20,13.65,2026-07-31,21.45
PGR,Progressive Corporation,Financials,Property & Casualty Insurance,16,19,0,20,7.29,2026-06-30,91.06
ALL,Allstate,Financials,Property & Casualty Insurance,16,18,0,20,11.8,2026-06-30,70.14
IBKR,Interactive Brokers,Financials,Investment Banking & Brokerage,16,17,0,20,28.11,2026-06-30,6.86
L,Loews Corporation,Financials,Multi-line Insurance,16,16,0,20,3.93,2026-06-30,18.69
AJG,Arthur J. Gallagher & Co.,Financials,Insurance Brokers,15,19,0,20,24.24,2026-06-30,15.75
AON,Aon plc,Financials,Insurance Brokers,15,19,0,20,2.19,2026-06-30,17.58
PM,Philip Morris International,Consumer Staples,Tobacco,15,19,0,20,10.37,2026-06-30,42.55
AIZ,Assurant,Financials,Multi-line Insurance,15,18,0,20,9.37,2026-06-30,13.46
HIG,Hartford (The),Financials,Property & Casualty Insurance,15,18,0,20,8.14,2026-06-30,29.06
OMC,Omnicom Group,Communication Services,Advertising,15,18,0,20,69.17,2026-03-31,19.82
GD,General Dynamics,Industrials,Aerospace & Defense,15,17,0,20,10.29,2026-04-05,53.81
HOOD,Robinhood Markets,Financials,Investment Banking & Brokerage,15,17,0,20,32.25,2026-06-30,4.93
ZBH,Zimmer Biomet,Health Care,Health Care Equipment,15,17,0,20,4.8,2026-06-30,8.51
EMR,Emerson Electric,Industrials,Electrical Components & Equipment,15,16,0,20,7.03,2026-06-30,18.64
JNJ,Johnson & Johnson,Health Care,Pharmaceuticals,15,16,0,20,6.6,2026-06-28,97.93
IRM,Iron Mountain,Real Estate,Other Specialized REITs,14,19,0,20,18.52,2026-06-30,7.56
REG,Regency Centers,Real Estate,Retail REITs,14,19,0,20,8.28,2026-03-31,1.59
AMP,Ameriprise Financial,Financials,Asset Management & Custody Banks,14,18,0,20,11.65,2026-06-30,19.84
DVA,DaVita,Health Care,Health Care Services,14,18,0,20,5.17,2026-06-30,14.01
STE,Steris,Health Care,Health Care Equipment,14,18,0,20,7.3,2026-06-30,6.04
META,Meta Platforms,Communication Services,Interactive Media & Services,14,17,0,20,27.96,2026-06-30,228.25
VRSK,Verisk Analytics,Industrials,Research & Consulting Services,14,17,0,20,3.93,2026-03-31,3.1
EBAY,eBay Inc.,Consumer Discretionary,Broadline Retail,14,16,0,20,14.8,2026-06-30,12.01
HCA,HCA Healthcare,Health Care,Health Care Facilities,14,16,0,17,4.3,2026-03-31,76.39
MDT,Medtronic,Health Care,Health Care Equipment,14,15,0,20,13.73,2026-07-31,37.54
WRB,W. R. Berkley Corporation,Financials,Property & Casualty Insurance,13,19,0,20,1.23,2026-06-30,14.9
EFX,Equifax,Industrials,Research & Consulting Services,13,18,0,20,10.61,2026-06-30,6.44
AMGN,Amgen,Health Care,Biotechnology,13,17,0,20,9.53,2026-06-30,38.09
LLY,Lilly (Eli),Health Care,Pharmaceuticals,13,17,0,20,47.67,2026-06-30,79.67
NVDA,Nvidia,Information Technology,Semiconductors,13,17,0,20,105.85,2026-07-26,302.97
LH,Labcorp,Health Care,Health Care Services,13,15,0,20,5.78,2026-06-30,14.35
MCO,Moody's Corporation,Financials,Financial Exchanges & Data,13,15,0,20,15.12,2026-06-30,8.16
MS,Morgan Stanley,Financials,Investment Banking & Brokerage,13,15,0,20,27.13,2026-06-30,78.04
AMD,Advanced Micro Devices,Information Technology,Semiconductors,12,18,0,20,50.11,2026-06-27,41.3
CBRE,CBRE Group,Real Estate,Real Estate Services,12,18,0,20,15.53,2026-06-30,43.64
IBM,IBM,Information Technology,IT Consulting & Other Services,12,17,0,20,1.09,2026-06-30,69.1
GRMN,Garmin,Consumer Discretionary,Consumer Electronics,12,16,0,20,14.23,2026-03-28,7.46
NTRS,Northern Trust,Financials,Asset Management & Custody Banks,12,16,0,20,9.62,2026-06-30,5.26
VMRK,Vivmark Residential,Real Estate,Multi-Family Residential REITs,12,15,0,20,2.99,2020-03-31,2.72
WAT,Waters Corporation,Health Care,Life Sciences Tools & Services,12,15,0,20,113.27,2026-07-04,4.64
APH,Amphenol,Information Technology,Electronic Components,11,18,0,20,55.0,2026-06-30,29.01
TPL,Texas Pacific Land Corporation,Energy,Oil & Gas Exploration & Production,11,17,0,20,31.2,2026-06-30,0.9
NTAP,NetApp,Information Technology,"Technology Hardware, Storage & Peripherals",11,16,0,20,29.89,2026-07-31,7.39
EW,Edwards Lifesciences,Health Care,Health Care Equipment,11,15,0,20,13.63,2026-06-30,6.51
J,Jacobs Solutions,Industrials,Construction & Engineering,11,15,0,20,34.46,2026-06-26,14.22
MU,Micron Technology,Information Technology,Semiconductors,11,15,0,20,345.72,2026-05-28,90.27
NDAQ,"Nasdaq, Inc.",Financials,Financial Exchanges & Data,11,15,0,20,20.51,2026-06-30,8.75
NEM,Newmont,Materials,Gold,11,13,0,20,15.06,2026-06-30,25.77
OKE,Oneok,Energy,Oil & Gas Storage & Transportation,11,11,0,12,52.77,2026-06-30,39.37
RTX,RTX Corporation,Industrials,Aerospace & Defense,11,11,0,12,14.49,2026-06-30,93.5
VLTO,Veralto,Industrials,Environmental & Facilities Services,11,11,0,11,6.76,2026-04-03,5.59
DG,Dollar General,Consumer Staples,Consumer Staples Merchandise Retail,10,19,0,20,5.24,2026-07-31,43.64
PNW,Pinnacle West Capital,Utilities,Multi-Utilities,10,19,0,20,7.14,2026-06-30,5.55
HPE,Hewlett Packard Enterprise,Information Technology,"Technology Hardware, Storage & Peripherals",10,18,0,20,33.68,2026-07-31,41.87
P,Everpure,Information Technology,"Technology Hardware, Storage & Peripherals",10,18,0,20,37.73,2026-08-02,4.26
TSCO,Tractor Supply,Consumer Discretionary,Other Specialty Retail,10,18,0,20,2.29,2026-06-27,15.75
MPWR,Monolithic Power Systems,Information Technology,Semiconductors,10,17,0,20,47.56,2026-06-30,3.27
ABBV,AbbVie,Health Care,Biotechnology,10,16,0,20,10.16,2026-06-30,64.39
ATO,Atmos Energy,Utilities,Gas Utilities,10,16,0,20,4.8,2026-06-30,4.92
DLTR,Dollar Tree,Consumer Staples,Consumer Staples Merchandise Retail,10,16,0,20,7.0,2026-08-01,20.05
STT,State Street Corporation,Financials,Asset Management & Custody Banks,10,16,0,20,17.4,2026-06-30,15.06
ABT,Abbott Laboratories,Health Care,Health Care Equipment,10,15,0,20,7.78,2026-03-31,45.13
BAX,Baxter International,Health Care,Health Care Equipment,10,15,0,20,5.34,2026-06-30,11.47
FIS,Fidelity National Information Services,Financials,Transaction & Payment Processing Services,10,15,0,20,29.09,2026-06-30,12.2
PKG,Packaging Corporation of America,Materials,Paper & Plastic Packaging Products & Materials,10,15,0,20,14.67,2026-06-30,9.53
CVNA,Carvana,Consumer Discretionary,Automotive Retail,10,14,0,20,52.4,2026-06-30,25.06
DELL,Dell Technologies,Information Technology,"Technology Hardware, Storage & Peripherals",10,14,0,20,57.75,2026-07-31,151.2
IVZ,Invesco,Financials,Asset Management & Custody Banks,10,12,0,20,20.46,2026-06-30,6.9
DGX,Quest Diagnostics,Health Care,Health Care Services,10,10,0,20,10.21,2026-06-30,11.56
GE,GE Aerospace,Industrials,Aerospace & Defense,10,10,0,20,21.1,2026-06-30,50.64
GEV,GE Vernova,Industrials,Heavy Electrical Equipment,10,10,0,10,21.87,2026-06-30,41.37
RDDT,Reddit,Communication Services,Interactive Media & Services,10,10,0,10,61.1,2026-06-30,2.78
BAC,Bank of America,Financials,Diversified Banks,9,19,0,20,14.99,2026-06-30,121.1
EQIX,Equinix,Real Estate,Data Center REITs,9,19,0,20,16.36,2026-06-30,9.8
FE,FirstEnergy,Utilities,Electric Utilities,9,19,0,20,11.61,2026-03-31,15.53
YUM,Yum! Brands,Consumer Discretionary,Restaurants,9,19,0,20,12.21,2026-06-30,8.72
DUK,Duke Energy,Utilities,Electric Utilities,9,18,0,20,9.45,2026-03-31,32.52
AEP,American Electric Power,Utilities,Electric Utilities,9,17,0,20,10.2,2026-03-31,22.43
ALLE,Allegion,Industrials,Building Products,9,17,0,20,12.67,2026-06-30,4.29
COHR,Coherent Corp.,Information Technology,Electronic Components,9,17,0,20,33.74,2026-06-30,7.12
PNC,PNC Financial Services,Financials,Diversified Banks,9,17,0,20,21.44,2026-06-30,25.03
KLAC,KLA Corporation,Information Technology,Semiconductor Materials & Equipment,9,16,0,20,15.21,2026-06-30,13.58
SO,Southern Company,Utilities,Electric Utilities,9,16,0,20,8.0,2026-03-31,30.17
AAPL,Apple Inc.,Information Technology,"Technology Hardware, Storage & Peripherals",9,15,0,20,16.36,2026-06-27,466.82
AMT,American Tower,Real Estate,Telecom Tower REITs,9,15,0,20,4.65,2026-06-30,10.94
CBOE,Cboe Global Markets,Financials,Financial Exchanges & Data,9,15,0,20,22.95,2026-06-30,5.06
LRCX,Lam Research,Information Technology,Semiconductor Materials & Equipment,9,15,0,20,29.99,2026-06-28,23.23
SCHW,Charles Schwab Corporation,Financials,Investment Banking & Brokerage,9,15,0,20,20.87,2026-06-30,26.02
ZBRA,Zebra Technologies,Information Technology,Electronic Equipment & Instruments,9,14,0,20,20.42,2026-07-04,5.85
GLW,Corning Inc.,Information Technology,Electronic Components,9,13,0,20,16.65,2026-06-30,16.96
TMUS,T-Mobile US,Communication Services,Wireless Telecommunication Services,9,13,0,20,7.85,2026-06-30,92.19
HPQ,HP Inc.,Information Technology,"Technology Hardware, Storage & Peripherals",9,12,0,20,12.53,2026-07-31,59.16
STX,Seagate Technology,Information Technology,"Technology Hardware, Storage & Peripherals",9,12,0,20,48.49,2026-07-03,12.2
MRSH,Marsh McLennan,Financials,Insurance Brokers,9,9,0,9,6.17,2026-06-30,27.95
MTB,M&T Bank,Financials,Regional Banks,9,9,0,9,6.0,2026-06-30,1.7
CDNS,Cadence Design Systems,Information Technology,Application Software,8,19,0,20,18.66,2026-03-31,5.53
ACN,Accenture,Information Technology,IT Consulting & Other Services,8,18,0,20,5.59,2026-05-31,73.1
DPZ,Domino's,Consumer Discretionary,Restaurants,8,18,0,20,4.3,2026-06-14,4.64
TDY,Teledyne Technologies,Information Technology,Electronic Equipment & Instruments,8,18,0,20,9.83,2026-06-28,6.37
PPL,PPL Corporation,Utilities,Electric Utilities,8,17,0,20,10.78,2026-03-31,9.31
ED,Consolidated Edison,Utilities,Multi-Utilities,8,16,0,20,6.19,2026-03-31,17.21
ES,Eversource Energy,Utilities,Electric Utilities,8,16,0,20,2.29,2026-06-30,14.0
FFIV,"F5, Inc.",Information Technology,Communications Equipment,8,16,0,20,10.85,2026-06-30,3.31
IEX,IDEX Corporation,Industrials,Industrial Machinery & Supplies & Components,8,16,0,20,6.38,2026-06-30,3.59
A,Agilent Technologies,Health Care,Life Sciences Tools & Services,8,15,0,20,8.06,2026-07-31,7.37
MRVL,Marvell Technology,Information Technology,Semiconductors,8,15,0,20,36.55,2026-08-01,9.45
NI,NiSource,Utilities,Multi-Utilities,8,15,0,20,3.45,2026-06-30,11.37
TEL,TE Connectivity,Information Technology,Electronic Manufacturing Services,8,15,0,20,13.81,2026-06-26,19.32
TMO,Thermo Fisher Scientific,Health Care,Life Sciences Tools & Services,8,14,0,20,10.49,2026-06-27,46.34
GEHC,GE HealthCare,Health Care,Health Care Equipment,8,12,0,13,7.41,2026-03-31,20.98
WDC,Western Digital,Information Technology,"Technology Hardware, Storage & Peripherals",8,12,0,20,43.84,2026-07-03,12.92
CRH,CRH plc,Materials,Construction Materials,8,9,0,10,5.59,2026-06-30,38.63
RVTY,Revvity,Health Care,Health Care Equipment,8,9,0,20,1.31,2026-07-05,2.91
BLK,BlackRock,Financials,Asset Management & Custody Banks,8,8,0,8,30.63,2026-06-30,27.3
SW,Smurfit Westrock,Materials,Paper & Plastic Packaging Products & Materials,8,8,0,8,1.15,2026-06-30,31.33
BR,Broadridge Financial Solutions,Industrials,Data Processing & Outsourced Services,7,19,0,20,7.48,2026-06-30,7.48
MDLZ,Mondelez International,Consumer Staples,Packaged Foods & Meats,7,19,0,20,8.24,2026-03-31,39.3
DLR,Digital Realty,Real Estate,Data Center REITs,7,18,0,20,16.16,2026-03-31,6.34
PLD,Prologis,Real Estate,Industrial REITs,7,18,0,20,7.39,2026-03-31,8.95
USB,U.S. Bancorp,Financials,Diversified Banks,7,17,0,20,10.11,2026-06-30,29.69
CASY,Casey's,Consumer Staples,Food Retail,7,16,0,20,24.33,2026-07-31,18.67
JCI,Johnson Controls,Industrials,Building Products,7,16,0,20,8.21,2026-03-31,24.43
MKC,McCormick & Company,Consumer Staples,Packaged Foods & Meats,7,16,0,20,16.7,2026-05-31,7.39
SBAC,SBA Communications,Real Estate,Telecom Tower REITs,7,16,0,20,2.33,2026-06-30,2.87
CSCO,Cisco,Information Technology,Communications Equipment,7,15,0,20,17.58,2026-07-25,63.33
CTSH,Cognizant,Information Technology,IT Consulting & Other Services,7,15,0,20,5.83,2026-03-31,21.41
DTE,DTE Energy,Utilities,Multi-Utilities,7,15,0,20,15.98,2018-03-31,13.12
KEYS,Keysight Technologies,Information Technology,Electronic Equipment & Instruments,7,15,0,20,36.54,2026-07-31,6.58
LNT,Alliant Energy,Utilities,Electric Utilities,7,15,0,20,4.96,2026-03-31,4.42
MLM,Martin Marietta Materials,Materials,Construction Materials,7,15,0,20,21.01,2026-06-30,6.69
TPR,"Tapestry, Inc.",Consumer Discretionary,"Apparel, Accessories & Luxury Goods",7,15,0,20,8.9,2026-06-27,8.0
CIEN,Ciena,Information Technology,Communications Equipment,7,14,0,20,37.05,2026-08-01,6.02
HON,Honeywell Technologies,Industrials,Industrial Conglomerates,7,14,0,20,4.26,2026-06-30,38.06
C,Citigroup,Financials,Diversified Banks,7,13,0,20,2.09,2025-12-31,85.22
FLEX,Flex Ltd.,Information Technology,Electronic Manufacturing Services,7,13,0,20,20.58,2026-06-26,29.27
NRG,NRG Energy,Utilities,Independent Power Producers & Energy Traders,7,13,0,20,10.99,2026-06-30,33.12
NWS,News Corp (Class B),Communication Services,Publishing,7,13,0,20,10.81,2026-06-30,9.03
NWSA,News Corp (Class A),Communication Services,Publishing,7,13,0,20,10.81,2026-06-30,9.03
T,AT&T,Communication Services,Integrated Telecommunication Services,7,13,0,20,2.3,2026-06-30,127.24
WEC,WEC Energy Group,Utilities,Electric Utilities,7,13,0,20,2.62,2026-06-30,10.14
WST,West Pharmaceutical Services,Health Care,Health Care Supplies,7,13,0,20,13.8,2026-06-30,3.33
CDW,CDW Corporation,Information Technology,Technology Distributors,7,12,0,20,9.97,2026-06-30,23.5
ULTA,Ulta Beauty,Consumer Discretionary,Other Specialty Retail,6,19,0,20,8.87,2026-08-01,12.96
NDSN,Nordson Corporation,Industrials,Industrial Machinery & Supplies & Components,6,18,0,20,10.27,2026-07-31,2.98
BE,Bloom Energy,Industrials,Electrical Components & Equipment,6,17,0,20,130.37,2026-03-31,2.45
SNPS,Synopsys,Information Technology,Application Software,6,17,0,20,42.37,2026-07-31,9.42
TJX,TJX Companies,Consumer Discretionary,Apparel Retail,6,17,0,20,5.41,2026-08-01,62.36
TXT,Textron,Industrials,Aerospace & Defense,6,17,0,20,2.99,2026-07-04,15.3
ROST,Ross Stores,Consumer Discretionary,Apparel Retail,6,16,0,20,13.31,2026-08-01,24.51
TTWO,Take-Two Interactive,Communication Services,Interactive Home Entertainment,6,16,0,20,2.0,2026-06-30,6.69
CNP,CenterPoint Energy,Utilities,Multi-Utilities,6,15,0,20,1.88,2026-03-31,9.41
LMT,Lockheed Martin,Industrials,Aerospace & Defense,6,15,0,20,10.51,2026-06-28,77.01
APP,AppLovin,Communication Services,Advertising,6,14,0,20,52.82,2026-06-30,6.83
CEG,Constellation Energy,Utilities,Electric Utilities,6,14,0,18,23.0,2026-06-30,31.27
LIN,Linde plc,Materials,Industrial Gases,6,14,0,20,9.35,2026-06-30,35.45
LITE,Lumentum,Information Technology,Communications Equipment,6,14,0,20,109.34,2026-06-27,3.01
ADI,Analog Devices,Information Technology,Semiconductors,6,13,0,20,39.63,2026-08-01,13.88
BA,Boeing,Industrials,Aerospace & Defense,6,13,0,20,7.96,2026-06-30,94.0
CF,CF Industries,Materials,Fertilizers & Agricultural Chemicals,6,13,0,20,17.57,2026-06-30,7.74
BALL,Ball Corporation,Materials,"Metal, Glass & Plastic Containers",6,12,0,20,19.74,2026-06-30,14.33
ETR,Entergy,Utilities,Electric Utilities,6,12,0,20,11.97,2026-03-31,13.29
FDX,FedEx,Industrials,Air Freight & Logistics,6,12,0,20,12.54,2026-05-31,94.72
KMI,Kinder Morgan,Energy,Oil & Gas Storage & Transportation,6,12,0,20,10.76,2026-06-30,17.96
KEY,KeyCorp,Financials,Regional Banks,6,11,0,20,6.74,2026-06-30,7.82
TXN,Texas Instruments,Information Technology,Semiconductors,6,11,0,20,22.82,2026-06-30,19.45
DD,DuPont,Industrials,Industrial Conglomerates,6,10,0,20,4.0,2026-06-30,6.99
VMC,Vulcan Materials Company,Materials,Construction Materials,6,6,0,9,7.42,2026-03-31,8.06
AME,Ametek,Industrials,Electrical Components & Equipment,5,19,0,20,14.98,2026-06-30,7.86
ECL,Ecolab,Materials,Specialty Chemicals,5,19,0,20,9.69,2026-06-30,16.84
MNST,Monster Beverage,Consumer Staples,Soft Drinks & Non-alcoholic Beverages,5,19,0,20,20.17,2026-06-30,9.22
NCLH,Norwegian Cruise Line Holdings,Consumer Discretionary,"Hotels, Resorts & Cruise Lines",5,19,0,20,4.89,2026-06-30,10.15
CL,Colgate-Palmolive,Consumer Staples,Household Products,5,18,0,20,4.91,2026-06-30,21.05
MGM,MGM Resorts,Consumer Discretionary,Casinos & Gaming,5,18,0,20,1.05,2026-06-30,17.76
PH,Parker Hannifin,Industrials,Industrial Machinery & Supplies & Components,5,18,0,20,9.77,2026-06-30,21.5
SHW,Sherwin-Williams,Materials,Specialty Chemicals,5,18,0,20,7.52,2026-06-30,24.41
HSY,Hershey Company (The),Consumer Staples,Packaged Foods & Meats,5,17,0,20,6.6,2026-06-28,12.16
LYV,Live Nation Entertainment,Communication Services,Movies & Entertainment,5,17,0,20,9.42,2026-06-30,26.27
SNA,Snap-on,Industrials,Industrial Machinery & Supplies & Components,5,17,0,20,4.19,2026-07-04,5.27
HII,Huntington Ingalls Industries,Industrials,Aerospace & Defense,5,16,0,20,10.9,2026-06-30,13.19
HSIC,Henry Schein,Health Care,Health Care Distributors,5,16,0,20,6.73,2026-06-27,13.6
PG,Procter & Gamble,Consumer Staples,Personal Care Products,5,16,0,20,1.51,2026-06-30,87.03
GILD,Gilead Sciences,Health Care,Biotechnology,5,15,0,20,10.18,2026-06-30,30.46
LHX,L3Harris,Industrials,Aerospace & Defense,5,15,0,20,8.39,2026-07-03,39.15
MTD,Mettler Toledo,Health Care,Life Sciences Tools & Services,5,15,0,20,4.48,2026-06-30,4.13
NEE,NextEra Energy,Utilities,Multi-Utilities,5,15,0,20,1.67,2026-03-31,26.0
NOC,Northrop Grumman,Industrials,Aerospace & Defense,5,15,0,20,5.07,2026-06-30,42.89
REGN,Regeneron Pharmaceuticals,Health Care,Biotechnology,5,15,0,20,16.73,2026-06-30,15.53
ROK,Rockwell Automation,Industrials,Electrical Components & Equipment,5,15,0,20,7.88,2026-06-30,8.97
WYNN,Wynn Resorts,Consumer Discretionary,Casinos & Gaming,5,15,0,20,6.86,2026-06-30,7.41
BMY,Bristol Myers Squibb,Health Care,Pharmaceuticals,5,14,0,20,5.74,2026-06-30,49.19
DOV,Dover Corporation,Industrials,Industrial Machinery & Supplies & Components,5,14,0,20,6.85,2026-06-30,8.42
KKR,KKR & Co.,Financials,Asset Management & Custody Banks,5,14,0,20,12.52,2026-06-30,21.31
MCD,McDonald's,Consumer Discretionary,Restaurants,5,14,0,20,3.74,2026-06-30,27.7
FITB,Fifth Third Bancorp,Financials,Regional Banks,5,13,0,20,8.05,2024-09-30,0.61
JBL,Jabil,Information Technology,Electronic Manufacturing Services,5,13,0,20,11.79,2026-05-31,33.59
WFC,Wells Fargo,Financials,Diversified Banks,5,13,0,20,8.64,2026-06-30,86.8
CINF,Cincinnati Financial,Financials,Property & Casualty Insurance,5,12,0,20,31.59,2026-06-30,13.95
D,Dominion Energy,Utilities,Multi-Utilities,5,12,0,20,23.14,2026-03-31,17.45
AMCR,Amcor,Materials,Paper & Plastic Packaging Products & Materials,5,11,0,20,25.9,2026-06-30,23.51
CFG,Citizens Financial Group,Financials,Regional Banks,5,11,0,20,12.08,2026-06-30,8.73
MMM,3M,Industrials,Industrial Conglomerates,5,10,0,20,2.46,2026-06-30,25.18
NUE,Nucor,Materials,Steel,5,10,0,20,22.95,2026-07-04,36.1
DHR,Danaher Corporation,Health Care,Life Sciences Tools & Services,5,9,0,20,5.54,2026-06-26,25.11
LOW,Lowe's,Consumer Discretionary,Home Improvement Retail,5,9,0,20,8.34,2026-07-31,90.43
ITW,Illinois Tool Works,Industrials,Industrial Machinery & Supplies & Components,5,6,0,18,6.12,2026-06-30,16.47
SNDK,Sandisk,Information Technology,"Technology Hardware, Storage & Peripherals",5,6,0,7,371.59,2026-07-03,20.25
AWK,American Water Works,Utilities,Water Utilities,5,5,0,5,6.13,2026-06-30,5.27
DAL,Delta Air Lines,Industrials,Passenger Airlines,4,19,0,20,18.67,2026-06-30,68.29
DOC,Healthpeak Properties,Real Estate,Health Care REITs,4,19,0,20,11.12,2026-06-30,2.95
LUV,Southwest Airlines,Industrials,Passenger Airlines,4,19,0,20,16.4,2026-06-30,30.07
CAH,Cardinal Health,Health Care,Health Care Distributors,4,18,0,20,18.75,2025-12-31,244.67
CHD,Church & Dwight,Consumer Staples,Household Products,4,18,0,20,1.57,2026-06-30,6.23
HUBB,Hubbell Incorporated,Industrials,Industrial Machinery & Supplies & Components,4,18,0,20,11.1,2026-03-31,6.0
KO,Coca-Cola Company (The),Consumer Staples,Soft Drinks & Non-alcoholic Beverages,4,18,0,20,12.07,2026-04-03,49.28
JPM,JPMorgan Chase,Financials,Diversified Banks,4,17,0,20,27.69,2026-06-30,199.41
MRK,Merck & Co.,Health Care,Pharmaceuticals,4,17,0,20,5.07,2026-06-30,66.57
PEP,PepsiCo,Consumer Staples,Soft Drinks & Non-alcoholic Beverages,4,17,0,20,6.4,2026-06-13,90.29
KR,Kroger,Consumer Staples,Food Retail,4,16,0,20,2.01,2026-08-15,137.15
XYZ,"Block, Inc.",Financials,Transaction & Payment Processing Services,4,16,0,20,9.3,2026-06-30,25.04
TROW,T. Rowe Price,Financials,Asset Management & Custody Banks,4,15,0,20,10.68,2026-06-30,7.59
ALGN,Align Technology,Health Care,Health Care Supplies,4,14,0,20,4.32,2026-06-30,4.14
AVY,Avery Dennison,Materials,Paper & Plastic Packaging Products & Materials,4,14,0,20,10.92,2026-06-30,9.25
BDX,Becton Dickinson,Health Care,Health Care Equipment,4,14,0,20,5.44,2026-06-30,23.25
CAT,Caterpillar Inc.,Industrials,Construction Machinery & Heavy Transportation Equipment,4,14,0,20,23.98,2026-06-30,74.73
EIX,Edison International,Utilities,Electric Utilities,4,14,0,20,7.66,2026-03-31,19.61
PNR,Pentair,Industrials,Industrial Machinery & Supplies & Components,4,14,0,20,2.6,2026-03-31,4.2
APTV,Aptiv,Consumer Discretionary,Automotive Parts & Equipment,4,13,0,20,2.34,2026-06-30,18.73
BEN,Franklin Resources,Financials,Asset Management & Custody Banks,4,13,0,20,14.26,2026-06-30,9.32
OTIS,Otis Worldwide,Industrials,Industrial Machinery & Supplies & Components,4,13,0,20,7.34,2026-06-30,14.91
PCG,PG&E Corporation,Utilities,Multi-Utilities,4,13,0,20,0.07,2026-06-30,25.84
SJM,J.M. Smucker Company (The),Consumer Staples,Packaged Foods & Meats,4,13,0,20,5.02,2026-07-31,9.16
DE,Deere & Company,Industrials,Agricultural & Farm Machinery,4,12,0,20,4.91,2026-08-02,47.98
ILMN,"Illumina, Inc.",Health Care,Life Sciences Tools & Services,4,12,0,20,9.44,2026-06-28,4.49
AES,AES Corporation,Utilities,Independent Power Producers & Energy Traders,4,11,0,20,19.86,2026-06-30,13.05
EL,Estée Lauder Companies (The),Consumer Staples,Personal Care Products,4,10,0,20,6.33,2026-06-30,15.05
STLD,Steel Dynamics,Materials,Steel,4,10,0,20,33.44,2026-06-30,20.54
TER,Teradyne,Information Technology,Semiconductor Materials & Equipment,4,10,0,20,103.9,2026-06-28,4.46
HAS,Hasbro,Consumer Discretionary,Leisure Products,4,9,0,20,16.19,2026-06-28,4.97
VTRS,Viatris,Health Care,Pharmaceuticals,4,6,0,20,4.96,2026-06-30,14.69
Q,Qnity Electronics,Information Technology,Semiconductor Materials & Equipment,4,4,0,4,22.14,2026-06-30,5.21
CME,CME Group,Financials,Financial Exchanges & Data,3,19,0,20,0.84,2026-06-30,6.77
DIS,Walt Disney Company (The),Communication Services,Movies & Entertainment,3,19,0,20,6.76,2026-06-27,98.86
ICE,Intercontinental Exchange,Financials,Financial Exchanges & Data,3,18,0,20,10.7,2026-06-30,13.43
SMCI,Supermicro,Information Technology,"Technology Hardware, Storage & Peripherals",3,18,0,20,93.16,2026-06-30,39.06
SLB,Schlumberger,Energy,Oil & Gas Equipment & Services,3,17,0,20,4.98,2026-06-30,36.37
FTV,Fortive,Industrials,Industrial Machinery & Supplies & Components,3,15,0,20,7.68,2026-04-03,4.24
PPG,PPG Industries,Materials,Specialty Chemicals,3,14,0,20,6.68,2026-03-31,16.12
ALB,Albemarle Corporation,Materials,Specialty Chemicals,3,12,0,20,31.08,2026-06-30,5.91
EOG,EOG Resources,Energy,Oil & Gas Exploration & Production,3,12,0,20,57.36,2026-06-30,27.03
MCHP,Microchip Technology,Information Technology,Semiconductors,3,12,0,20,38.05,2026-06-30,5.12
APD,Air Products,Materials,Industrial Gases,3,11,0,20,4.58,2026-06-30,12.6
BX,Blackstone Inc.,Financials,Asset Management & Custody Banks,3,11,0,20,35.89,2026-06-30,16.11
MET,MetLife,Financials,Life & Health Insurance,3,11,0,20,10.46,2026-06-30,79.4
PRU,Prudential Financial,Financials,Life & Health Insurance,3,11,0,20,14.1,2026-06-30,64.77
PSX,Phillips 66,Energy,Oil & Gas Refining & Marketing,3,11,0,20,53.06,2026-06-30,152.17
TKO,TKO Group Holdings,Communication Services,Movies & Entertainment,3,10,0,12,18.24,2026-06-30,5.3
KVUE,Kenvue,Consumer Staples,Personal Care Products,3,7,0,14,3.02,2026-06-28,15.41
BG,Bunge Global,Consumer Staples,Agricultural Products & Services,3,3,0,13,87.76,2026-03-31,80.55
FIX,Comfort Systems USA,Industrials,Construction & Engineering,2,19,0,20,50.26,2026-06-30,3.96
LDOS,Leidos,Industrials,Diversified Support Services,2,19,0,20,7.17,2026-07-03,17.63
BRK-B,Berkshire Hathaway,Financials,Multi-Sector Holdings,2,16,0,20,10.04,2026-06-30,384.69
FANG,Diamondback Energy,Energy,Oil & Gas Exploration & Production,2,16,0,20,51.22,2026-06-30,17.1
TSLA,"Tesla, Inc.",Consumer Discretionary,Automobile Manufacturers,2,16,0,20,25.52,2026-06-30,103.62
AMAT,Applied Materials,Information Technology,Semiconductor Materials & Equipment,2,15,0,20,24.83,2026-07-26,30.84
EVRG,Evergy,Utilities,Electric Utilities,2,14,0,20,5.03,2026-03-31,6.03
GPN,Global Payments,Financials,Transaction & Payment Processing Services,2,14,0,20,68.63,2026-06-30,10.23
HD,Home Depot (The),Consumer Discretionary,Home Improvement Retail,2,14,0,20,5.71,2026-08-02,169.18
GNRC,Generac,Industrials,Heavy Electrical Equipment,2,13,0,20,10.59,2026-06-30,4.44
NSC,Norfolk Southern,Industrials,Rail Transportation,2,13,0,20,11.41,2026-06-30,12.54
WTW,Willis Towers Watson,Financials,Insurance Brokers,2,13,0,20,9.07,2026-06-30,10.1
EXPD,Expeditors International,Industrials,Air Freight & Logistics,2,12,0,20,32.07,2026-06-30,12.04
GS,Goldman Sachs,Financials,Investment Banking & Brokerage,2,12,0,20,39.46,2026-06-30,66.2
KMB,Kimberly-Clark,Consumer Staples,Household Products,2,12,0,20,0.62,2026-06-30,16.58
TGT,Target Corporation,Consumer Staples,Consumer Staples Merchandise Retail,2,12,0,20,5.27,2026-08-01,107.7
TRMB,Trimble Inc.,Information Technology,Application Software,2,12,0,20,11.0,2026-07-03,3.78
UNP,Union Pacific Corporation,Industrials,Rail Transportation,2,12,0,20,11.54,2026-06-30,25.41
CSX,CSX Corporation,Industrials,Rail Transportation,2,11,0,20,10.1,2026-06-30,14.51
NXPI,NXP Semiconductors,Information Technology,Semiconductors,2,11,0,20,12.2,2026-03-29,12.62
WSM,"Williams-Sonoma, Inc.",Consumer Discretionary,Homefurnishing Retail,2,11,0,20,6.7,2026-08-02,8.01
ADM,Archer Daniels Midland,Consumer Staples,Agricultural Products & Services,2,10,0,20,7.16,2026-06-30,82.1
CVX,Chevron Corporation,Energy,Integrated Oil & Gas,2,10,0,20,56.3,2026-06-30,215.26
ON,ON Semiconductor,Information Technology,Semiconductors,2,10,0,20,9.18,2026-07-03,6.2
MPC,Marathon Petroleum,Energy,Oil & Gas Refining & Marketing,2,9,0,20,53.83,2026-06-30,153.58
INTC,Intel,Information Technology,Semiconductors,2,8,0,20,25.42,2026-06-27,57.03
JBHT,J.B. Hunt,Industrials,Cargo Ground Transportation,2,8,0,20,19.37,2026-06-30,12.7
SWK,Stanley Black & Decker,Industrials,Industrial Machinery & Supplies & Components,2,8,0,20,0.39,2026-07-04,15.25
VLO,Valero Energy,Energy,Oil & Gas Refining & Marketing,2,8,0,20,48.8,2026-06-30,139.4
PFE,Pfizer,Health Care,Pharmaceuticals,2,6,0,14,2.6,2026-06-28,63.7
BBY,Best Buy,Consumer Discretionary,Computer & Electronics Retail,2,5,0,20,3.61,2026-08-01,42.2
MRNA,Moderna,Health Care,Biotechnology,2,3,0,12,2.11,2026-06-30,2.23
MO,Altria,Consumer Staples,Tobacco,2,2,0,20,0.15,2026-06-30,23.46
CPRT,Copart,Industrials,Diversified Support Services,1,19,0,20,2.09,2026-04-30,4.64
HBAN,Huntington Bancshares,Financials,Regional Banks,1,17,0,20,34.47,2026-03-31,1.68
LII,Lennox International,Industrials,Building Products,1,17,0,20,5.83,2026-03-31,5.26
TECH,Bio-Techne,Health Care,Life Sciences Tools & Services,1,17,0,20,1.33,2026-06-30,1.22
F,Ford Motor Company,Consumer Discretionary,Automobile Manufacturers,1,16,0,20,6.38,2026-03-31,189.86
FOX,Fox Corporation (Class B),Communication Services,Broadcasting,1,16,0,20,28.14,2026-06-30,17.13
FOXA,Fox Corporation (Class A),Communication Services,Broadcasting,1,16,0,20,28.14,2026-06-30,17.13
CMI,Cummins,Industrials,Construction Machinery & Heavy Transportation Equipment,1,15,0,20,1.05,2025-12-31,33.67
EXC,Exelon,Utilities,Electric Utilities,1,15,0,20,7.86,2026-03-31,24.79
DVN,Devon Energy,Energy,Oil & Gas Exploration & Production,1,14,0,20,73.13,2026-06-30,19.68
HAL,Halliburton,Energy,Oil & Gas Equipment & Services,1,14,0,20,3.7,2026-06-30,22.37
CPT,Camden Property Trust,Real Estate,Multi-Family Residential REITs,1,13,0,20,18.91,2026-06-30,0.01
GM,General Motors,Consumer Discretionary,Automobile Manufacturers,1,13,0,20,1.92,2026-06-30,185.53
APO,Apollo Global Management,Financials,Asset Management & Custody Banks,1,12,0,18,63.68,2026-06-30,35.9
DHI,D. R. Horton,Consumer Discretionary,Homebuilding,1,12,0,20,0.02,2026-06-30,33.35
PCAR,Paccar,Industrials,Construction Machinery & Heavy Transportation Equipment,1,12,0,20,0.48,2026-06-30,27.82
CARR,Carrier Global,Industrials,Building Products,1,11,0,20,2.36,2026-03-31,21.87
COP,ConocoPhillips,Energy,Oil & Gas Exploration & Production,1,11,0,20,36.83,2026-06-30,63.34
TRGP,Targa Resources,Energy,Oil & Gas Storage & Transportation,1,11,0,20,4.23,2026-06-30,16.74
WMB,Williams Companies,Energy,Oil & Gas Storage & Transportation,1,11,0,20,9.78,2026-06-30,12.2
ODFL,Old Dominion,Industrials,Cargo Ground Transportation,1,10,0,20,10.39,2026-06-30,5.6
OXY,Occidental Petroleum,Energy,Oil & Gas Exploration & Production,1,9,0,20,53.39,2026-06-30,21.67
CLX,Clorox,Consumer Staples,Household Products,1,8,0,20,0.12,2026-03-31,6.76
SOLV,Solventum,Health Care,Health Care Technology,1,8,0,10,2.22,2026-06-30,8.31
UPS,United Parcel Service,Industrials,Air Freight & Logistics,1,8,0,20,7.6,2026-06-30,89.93
BIIB,Biogen,Health Care,Biotechnology,1,7,0,20,1.93,2026-03-31,9.94
CHRW,C.H. Robinson,Industrials,Air Freight & Logistics,1,7,0,20,19.28,2026-06-30,17.0
FERG,Ferguson Enterprises,Industrials,Trading Companies & Distributors,1,7,0,9,2.99,2026-06-30,32.89
IFF,International Flavors & Fragrances,Materials,Specialty Chemicals,1,7,0,20,1.82,2026-06-30,9.98
MAS,Masco,Industrials,Building Products,1,7,0,20,6.5,2026-03-31,7.68
LYB,LyondellBasell,Materials,Specialty Chemicals,1,6,0,20,19.84,2026-06-30,31.19
LULU,Lululemon Athletica,Consumer Discretionary,"Apparel, Accessories & Luxury Goods",0,19,1,20,-4.34,2026-08-02,11.09
ZTS,Zoetis,Health Care,Pharmaceuticals,0,19,1,20,-0.24,2026-06-30,9.52
PTC,PTC Inc.,Information Technology,Application Software,0,18,1,20,-6.82,2026-06-30,2.95
IT,Gartner,Information Technology,IT Consulting & Other Services,0,18,2,20,-0.62,2026-06-30,6.46
BKR,Baker Hughes,Energy,Oil & Gas Equipment & Services,0,16,1,20,-2.43,2026-06-30,27.73
FSLR,First Solar,Information Technology,Semiconductors,0,16,1,20,-3.73,2026-06-30,5.38
TSN,Tyson Foods,Consumer Staples,Packaged Foods & Meats,0,16,1,20,-0.12,2026-06-27,55.69
EG,Everest Group,Financials,Reinsurance,0,16,3,20,-11.8,2026-06-30,16.77
CHTR,Charter Communications,Communication Services,Cable & Satellite,0,16,4,20,-1.74,2026-06-30,54.4
SBUX,Starbucks,Consumer Discretionary,Restaurants,0,15,1,20,-1.41,2026-06-28,38.34
AEE,Ameren,Utilities,Multi-Utilities,0,14,1,20,-5.81,2026-06-30,8.75
CMS,CMS Energy,Utilities,Multi-Utilities,0,14,1,20,-0.49,2026-06-30,8.81
PEG,Public Service Enterprise Group,Utilities,Electric Utilities,0,14,1,20,-8.95,2026-06-30,12.54
ACGL,Arch Capital Group,Financials,Property & Casualty Insurance,0,14,2,20,-10.45,2026-06-30,19.23
QCOM,Qualcomm,Information Technology,Semiconductors,0,14,2,20,-4.03,2026-06-28,44.07
ARE,Alexandria Real Estate Equities,Real Estate,Office REITs,0,14,6,20,-13.03,2026-06-30,2.84
LVS,Las Vegas Sands,Consumer Discretionary,Casinos & Gaming,0,13,1,20,-0.66,2026-06-30,13.72
NKE,"Nike, Inc.",Consumer Discretionary,"Apparel, Accessories & Luxury Goods",0,13,1,20,-1.13,2026-05-31,46.4
VZ,Verizon,Communication Services,Integrated Telecommunication Services,0,13,1,20,-0.73,2026-06-30,138.9
CTVA,Corteva,Materials,Fertilizers & Agricultural Chemicals,0,12,1,20,-1.19,2026-06-30,17.81
EXE,Expand Energy,Energy,Oil & Gas Exploration & Production,0,12,1,20,-19.78,2026-06-30,13.6
FCX,Freeport-McMoRan,Materials,Copper,0,12,1,20,-7.29,2026-06-30,25.87
VST,Vistra Corp.,Utilities,Electric Utilities,0,12,1,20,-5.48,2026-06-30,19.21
XEL,Xcel Energy,Utilities,Multi-Utilities,0,12,2,20,-1.15,2019-09-30,11.61
LEN,Lennar,Consumer Discretionary,Homebuilding,0,12,5,20,-5.22,2026-05-31,32.74
STZ,Constellation Brands,Consumer Staples,Distillers & Vintners,0,12,5,20,-3.27,2026-05-31,9.06
BF-B,Brown–Forman,Consumer Staples,Distillers & Vintners,0,11,1,20,-1.41,2026-07-31,3.92
CRL,Charles River Laboratories,Health Care,Life Sciences Tools & Services,0,11,1,20,-2.72,2026-06-27,4.0
IP,International Paper,Materials,Paper & Plastic Packaging Products & Materials,0,11,1,20,-2.25,2026-06-30,24.2
SRE,Sempra,Utilities,Multi-Utilities,0,11,1,20,-6.87,2026-03-31,12.16
COIN,Coinbase,Financials,Financial Exchanges & Data,0,11,3,20,-18.51,2026-06-30,6.28
GIS,General Mills,Consumer Staples,Packaged Foods & Meats,0,10,1,20,-2.83,2026-08-30,18.3
HRL,Hormel Foods,Consumer Staples,Packaged Foods & Meats,0,10,1,20,-2.36,2026-07-26,12.15
MOS,Mosaic Company (The),Materials,Fertilizers & Agricultural Chemicals,0,10,1,20,-6.04,2026-06-30,12.25
AOS,A. O. Smith,Industrials,Building Products,0,10,2,20,-0.69,2026-06-30,3.8
AIG,American International Group,Financials,Multi-line Insurance,0,10,4,20,-0.08,2026-06-30,26.64
WBD,Warner Bros. Discovery,Communication Services,Broadcasting,0,10,4,20,-11.16,2026-06-30,36.12
NVR,"NVR, Inc.",Consumer Discretionary,Homebuilding,0,10,5,20,-10.48,2026-06-30,9.53
CCI,Crown Castle,Real Estate,Telecom Tower REITs,0,9,11,20,-4.91,2026-06-30,4.16
EQT,EQT Corporation,Energy,Oil & Gas Exploration & Production,0,8,1,20,-29.24,2026-06-30,9.54
SWKS,Skyworks Solutions,Information Technology,Semiconductors,0,7,3,20,-3.13,2026-07-03,4.01
CMCSA,Comcast,Communication Services,Cable & Satellite,0,6,1,10,-1.23,2026-06-30,124.91
KHC,Kraft Heinz,Consumer Staples,Packaged Foods & Meats,0,6,1,20,-1.42,2026-06-27,24.9
DOW,Dow Inc.,Materials,Commodity Chemicals,0,6,6,20,-6.11,2026-03-31,39.33
AFL,Aflac,Financials,Life & Health Insurance,0,5,1,20,-1.03,2026-06-30,18.07
ECHO,EchoStar,Communication Services,Wireless Telecommunication Services,0,5,15,20,-3.99,2026-06-30,14.65
WY,Weyerhaeuser,Real Estate,Timber REITs,0,4,3,20,-0.9,2026-06-30,6.85
PHM,PulteGroup,Consumer Discretionary,Homebuilding,0,0,6,6,-9.56,2026-06-30,16.41
